Artist,Song Title,Video ID,View Count,Thumbnail URL
The Weeknd - Take Me Back To L.A. (Demo),plHUULEvV_A,374034,https://i.ytimg.com/vi/plHUULEvV_A/default.jpg
The Weeknd - Leave You Alone (Unreleased),gUw495gLw6k,38347,https://i.ytimg.com/vi/gUw495gLw6k/default.jpg
The Weeknd - Be Amazing Be God (Unreleased),Q6OP9kPggmU,51194,https://i.ytimg.com/vi/Q6OP9kPggmU/default.jpg
Lana Del Rey - Come When You Call Me (Lyrics),l7qMRavMVqo,153470,https://i.ytimg.com/vi/l7qMRavMVqo/default.jpg
2Pac - Throw Your Hands Up (Original),KKqcPbq_yQU,255467,https://i.ytimg.com/vi/KKqcPbq_yQU/default.jpg
Harry Styles - What Makes You Beautiful (Live at Capital's Jingle Bell Ball 2019) | Capital,mQT7Xby85xg,9875682,https://i.ytimg.com/vi/mQT7Xby85xg/default.jpg
Eminem - Love you more LYRICS,uzTqU2BVf10,5686306,https://i.ytimg.com/vi/uzTqU2BVf10/default.jpg
5SOS Wrapped Around Your Finger  (Lyrics + Pictures),dGeWGVeYBCg,2404338,https://i.ytimg.com/vi/dGeWGVeYBCg/default.jpg
Calum Hood - Committed The Robbery LYRICS,aq5Hz6a0E8s,99802,https://i.ytimg.com/vi/aq5Hz6a0E8s/default.jpg
Coldplay ‚Äì Ode to Deodorant,JtBLyseeU3c,244008,https://i.ytimg.com/vi/JtBLyseeU3c/default.jpg
Help is Round the Corner - Coldplay,txm-QjMuGkU,657481,https://i.ytimg.com/vi/txm-QjMuGkU/default.jpg
Coldplay - Atlas (Hunger Games: Catching Fire)(Official Lyric Video),Lh3TokLzzmw,25354507,https://i.ytimg.com/vi/Lh3TokLzzmw/default.jpg
Coldplay - A View From The Top (Unreleased),IfWWKuztQWs,27101,https://i.ytimg.com/vi/IfWWKuztQWs/default.jpg
Crests Of Waves - Coldplay,EmIgnrAt_rA,724070,https://i.ytimg.com/vi/EmIgnrAt_rA/default.jpg
Oliver Tree Overstay (Feat Blaise y Satica) (unreleased song),IFkUwSn9x8A,8548,https://i.ytimg.com/vi/IFkUwSn9x8A/default.jpg
Oliver Tree - The Kind of Life We Live,YmkYLHVDn1M,1374,https://i.ytimg.com/vi/YmkYLHVDn1M/default.jpg
Oliver Tree - Lies (Fan-Made Extended),qtL8HdJETUc,16938,https://i.ytimg.com/vi/qtL8HdJETUc/default.jpg
Oliver Tree - Call Me,0sSfbZfHEKs,1379,https://i.ytimg.com/vi/0sSfbZfHEKs/default.jpg
Oliver Tree - Man In The Mirror,ztlvqdIf4vs,1648,https://i.ytimg.com/vi/ztlvqdIf4vs/default.jpg
"Baby's Love Story In My Head (Remix) - Justin Bieber ft. Jason Derulo, Taylor Swift & Ludacris",ZhTpGjrIdNo,273236,https://i.ytimg.com/vi/ZhTpGjrIdNo/default.jpg
Justin Bieber - Heartless / Successful,hKX8Ci00Yv0,10635114,https://i.ytimg.com/vi/hKX8Ci00Yv0/default.jpg
Just Can't Let Her Go - One Direction (New FULL Song) Lyrics+Pictures,uiBIk3b-vCY,12850659,https://i.ytimg.com/vi/uiBIk3b-vCY/default.jpg
Penelope Scott - Warm Regards (Junkyard version),tUjUjaH1NGE,1801,https://i.ytimg.com/vi/tUjUjaH1NGE/default.jpg
Sweet Hibiscus Tea: Crunchy Version,4U3SIC1ioAM,94072,https://i.ytimg.com/vi/4U3SIC1ioAM/default.jpg
Born to Run (Glitzy version) - Penelope Scott,3LdqGAArnqA,11310,https://i.ytimg.com/vi/3LdqGAArnqA/default.jpg
Sin Eater by Penelope Scott | Lyrics,fAYZBOGII10,21911,https://i.ytimg.com/vi/fAYZBOGII10/default.jpg
Logic - Changes (V3),2_TvqJjoNWQ,44163,https://i.ytimg.com/vi/2_TvqJjoNWQ/default.jpg
Logic - Fly Away (Full Official Song),Dtq4sl-8a-4,17591,https://i.ytimg.com/vi/Dtq4sl-8a-4/default.jpg
Ansel Elgort - You Can Count On Me (Audio) ft. Logic,Qbu7N6xnwZ8,1504998,https://i.ytimg.com/vi/Qbu7N6xnwZ8/default.jpg
Retrospect - Within This Love,lu6am8z43Xo,40069,https://i.ytimg.com/vi/lu6am8z43Xo/default.jpg
XXI: Medulla Oblongata - Daniel Caesar,qBnM1BSG9YU,153374,https://i.ytimg.com/vi/qBnM1BSG9YU/default.jpg
Chance the Rapper - First World Problems (ft. Daniel Caesar) (unreleased),tHxNFYJiCTo,31788,https://i.ytimg.com/vi/tHxNFYJiCTo/default.jpg
gross (full version) - olivia rodrigo (lyrics),U0zZWzUg650,5166857,https://i.ytimg.com/vi/U0zZWzUg650/default.jpg
the exception - olivia rodrigo (lyrics),DnOyQSSXF1g,1049784,https://i.ytimg.com/vi/DnOyQSSXF1g/default.jpg
Without You - Harry Styles,MaCHGHEqOlk,229848,https://i.ytimg.com/vi/MaCHGHEqOlk/default.jpg
"Harry Styles, Kacey Musgraves - You're Still The One (Cover) Live at Madison Square Garden - 4K",9VzK1q3C8Lg,4791814,https://i.ytimg.com/vi/9VzK1q3C8Lg/default.jpg
Lana Del Rey - Knockin' On Heaven's Door (Live Amsterdam 2013) HQ,5rc_UZViEXc,192393,https://i.ytimg.com/vi/5rc_UZViEXc/default.jpg
Lana Del Rey - In the Sun (Lyrics),OeWd81yv95o,29353,https://i.ytimg.com/vi/OeWd81yv95o/default.jpg
"Taylor Swift ""Your Face"" - NAMM 2005 with Taylor Guitars",PFL2N9NxfXQ,88839,https://i.ytimg.com/vi/PFL2N9NxfXQ/default.jpg
Breatheless By Taylor Swift (lyrics),ewF1E65o9ho,9023,https://i.ytimg.com/vi/ewF1E65o9ho/default.jpg
Boyz II Men - Boo'ed Up [6],ek-dTJ73q4E,26175,https://i.ytimg.com/vi/ek-dTJ73q4E/default.jpg
Truth Hurts ft. Dr. Dre - We Can Go There (2002 Unreleased) May 2012 HQ,SEJU9cABE9k,19660,https://i.ytimg.com/vi/SEJU9cABE9k/default.jpg
Fall Out Boy- Save Your Generation lyrics,vbQ36s5sLLs,295472,https://i.ytimg.com/vi/vbQ36s5sLLs/default.jpg
Fall Out Boy: Love Will Tear Us Apart (Joy Division) (Audio),kzCJkm711rk,570156,https://i.ytimg.com/vi/kzCJkm711rk/default.jpg
Fall Out Boy New Song!! Turnpike Gates (Acoustic Cover) (Lifetime),BPLC1X4VITw,37876,https://i.ytimg.com/vi/BPLC1X4VITw/default.jpg
Fall Out Boy - Beat It (MTV Version) (Official Music Video) ft. John Mayer,sk8Pb17pcQI,48745253,https://i.ytimg.com/vi/sk8Pb17pcQI/default.jpg
Moving Pictures by Fall Out Boy,avWIdTRYsK0,68827,https://i.ytimg.com/vi/avWIdTRYsK0/default.jpg
Fall out boy - Unreleased,whwbkacjPIU,28297,https://i.ytimg.com/vi/whwbkacjPIU/default.jpg
Can't Let Go - ADELE (Version Album),8Cwd9EbPUUg,1288892,https://i.ytimg.com/vi/8Cwd9EbPUUg/default.jpg
Taylor Swift - My Turn To Be Me,rlY_OOuIc8o,20409,https://i.ytimg.com/vi/rlY_OOuIc8o/default.jpg
Marina and the Diamonds-Hermit the Frog,YU9uRHA_264,75115,https://i.ytimg.com/vi/YU9uRHA_264/default.jpg
Marina and The Diamonds - Daddy Was a Sailor (Audio),2nKuRRmBxTA,50425,https://i.ytimg.com/vi/2nKuRRmBxTA/default.jpg
Marina and the Diamonds - Simplify,mfgHphhuep4,13946,https://i.ytimg.com/vi/mfgHphhuep4/default.jpg
Marina and the Diamonds-Simplify,NMIFSfBUXFA,546354,https://i.ytimg.com/vi/NMIFSfBUXFA/default.jpg
Marina & The Diamonds - Starlight (Extended Edition),3Lx_Sr19BJs,222741,https://i.ytimg.com/vi/3Lx_Sr19BJs/default.jpg
Marina & The Diamonds - Mowgli's Road (Demo),rtuULv8-S7I,46700,https://i.ytimg.com/vi/rtuULv8-S7I/default.jpg
Space and the Woods - Marina and the Diamonds (Studio Version),UBCgA4EA47k,341346,https://i.ytimg.com/vi/UBCgA4EA47k/default.jpg
Marina & The Diamonds - I Am Not A Robot (Audio Demo ll),slJBtQunAP4,890,https://i.ytimg.com/vi/slJBtQunAP4/default.jpg
Marina and the Diamonds - Bad Kidz (Lyrics in Description),ULnc8Abx3rI,62203,https://i.ytimg.com/vi/ULnc8Abx3rI/default.jpg
Billie Eilish - Silver Bells (Lyrics),bp-rxTpce7E,13664,https://i.ytimg.com/vi/bp-rxTpce7E/default.jpg
billie eilish - call me back (lyric video),sX3EIJwOPxY,225014,https://i.ytimg.com/vi/sX3EIJwOPxY/default.jpg
Bound 1 - Kanye West (original version),7sMMHm_dRwc,807571,https://i.ytimg.com/vi/7sMMHm_dRwc/default.jpg
Kanye West - By Your Side (feat. Frank Ocean),pZy4MzTXbtI,103538,https://i.ytimg.com/vi/pZy4MzTXbtI/default.jpg
Half-Cocked - Ethel Cain Lyrics,NxPagecG2lQ,163136,https://i.ytimg.com/vi/NxPagecG2lQ/default.jpg
Ethel Cain - Two Children in a Motel (demo),JFSLEN1wybI,105658,https://i.ytimg.com/vi/JFSLEN1wybI/default.jpg
Powerline Valley (demo) - Ethel Cain lyrics,1dcM3DyJBA4,86580,https://i.ytimg.com/vi/1dcM3DyJBA4/default.jpg
doe hunting (demo) ‚Äì ethel cain,nLWDzIhJDIA,5965,https://i.ytimg.com/vi/nLWDzIhJDIA/default.jpg
Ethel Cain - nettles (demo),p46RDcZrfrM,15791,https://i.ytimg.com/vi/p46RDcZrfrM/default.jpg
Ethel Cain - Whiteout (prod. Yah Wav),3Jsp7bD2P3w,2539,https://i.ytimg.com/vi/3Jsp7bD2P3w/default.jpg
Gold Cross (demo) - Ethel Cain lyrics,2-y7u5wvf6s,30407,https://i.ytimg.com/vi/2-y7u5wvf6s/default.jpg
Linkin Park - Qwerty (Rare Song),B9W8-Wtlsws,53245,https://i.ytimg.com/vi/B9W8-Wtlsws/default.jpg
Linkin Park - So Far Away (Unreleased 1998) LPU 12,hXltnS-M17o,239522,https://i.ytimg.com/vi/hXltnS-M17o/default.jpg
The Visionaries & Linkin Park ‚Äì Unreleased [Demo],DXPZYFfUEj4,49273,https://i.ytimg.com/vi/DXPZYFfUEj4/default.jpg
nessa barrett - our love (unreleased),JgdZnClSV2M,987,https://i.ytimg.com/vi/JgdZnClSV2M/default.jpg
Greta Van Fleet - Black Flag Exposition / Watch Me (2020),KGFYZvc6e7E,36856,https://i.ytimg.com/vi/KGFYZvc6e7E/default.jpg
Harry Styles - Don't Let Me Go (Letra en Espa√±ol e Ingl√©s),BJve_mUaBMI,1171041,https://i.ytimg.com/vi/BJve_mUaBMI/default.jpg
Commando Girls (Live) ‚Äì Oingo Boingo | Madame Wong's 1980,3bdiLFvNDoc,8034,https://i.ytimg.com/vi/3bdiLFvNDoc/default.jpg
Freak Show ‚Äì Oingo Boingo | Good For Your Soul Unreleased 1983,VtDWQANhTus,11123,https://i.ytimg.com/vi/VtDWQANhTus/default.jpg
Difficult Lyrics (Proof Tribute),sOt_2mCTjR8,825162,https://i.ytimg.com/vi/sOt_2mCTjR8/default.jpg
Eminem - Hazardous Youth (Acapella),vTb33fuZtMc,328645,https://i.ytimg.com/vi/vTb33fuZtMc/default.jpg
Eminem - Stir Crazy (Rare track) Lyrics on Screen,N0wAghZiDPU,58719,https://i.ytimg.com/vi/N0wAghZiDPU/default.jpg
Burial - Untitled 10 2011 Barcelona Primavera Sound Kode9 Live Set,2_Oa2VEHzIE,20430,https://i.ytimg.com/vi/2_Oa2VEHzIE/default.jpg
Your Love Means Everything by Coldplay,rK7qh4Trh_s,1003295,https://i.ytimg.com/vi/rK7qh4Trh_s/default.jpg
Queen - Back To Storm (Mixed Version),22Dcsn2p3WM,10180,https://i.ytimg.com/vi/22Dcsn2p3WM/default.jpg
Queen  - Lost in Soul (Demo),qEzeXGZfiYA,88247,https://i.ytimg.com/vi/qEzeXGZfiYA/default.jpg
American Boy - Taylor Swift,yLSXcaBW_Dg,16512,https://i.ytimg.com/vi/yLSXcaBW_Dg/default.jpg
Taylor Swift - Till Brad Pitt Comes Along (sub espa√±ol) Rare Song,HCKf6Ic7yzM,91121,https://i.ytimg.com/vi/HCKf6Ic7yzM/default.jpg
Taylor Swift - Superstar (original version + rare pictures),LVmm8BbvJEg,75081,https://i.ytimg.com/vi/LVmm8BbvJEg/default.jpg
Taylor Swift-You don't have to call me,xxnNtPvuXXg,38907,https://i.ytimg.com/vi/xxnNtPvuXXg/default.jpg
Taylor Swift - Just South Of Knowing Why (Sub Espa√±ol),3wDA2HHrR18,39847,https://i.ytimg.com/vi/3wDA2HHrR18/default.jpg
Taylor Swift - Tied Together With A Smile (Demo),rg632wjLh4Q,30896,https://i.ytimg.com/vi/rg632wjLh4Q/default.jpg
Tyler Joseph - Dollhouse (Unreleased Track),OlnzusQeLko,988358,https://i.ytimg.com/vi/OlnzusQeLko/default.jpg
Jon Connor - I'M BACK. (feat. Intro by Dr. Dre) [Official Audio],3h1sWbFhPAI,429708,https://i.ytimg.com/vi/3h1sWbFhPAI/default.jpg
Dr. Dre - Equinox ft. Kurupt,7iP7pB21xX4,248217,https://i.ytimg.com/vi/7iP7pB21xX4/default.jpg
Brandy   Porcelain,Wljl1DNY9n0,15084,https://i.ytimg.com/vi/Wljl1DNY9n0/default.jpg
Brandy feat. Posta Boy - Ryde Or Die,qJj0K8hRbH4,72849,https://i.ytimg.com/vi/qJj0K8hRbH4/default.jpg
Brandy   Take Me Back,kqIRzuB16zY,7864,https://i.ytimg.com/vi/kqIRzuB16zY/default.jpg
Ken Carson - BackPack „Äå prod. outtatown + starboy + loesoe „Äç,eHkyoOWRTFw,51325,https://i.ytimg.com/vi/eHkyoOWRTFw/default.jpg
Juice WRLD - Lost Too Many (Goblin) (Instrumental),T7MNXolgF1Y,20037,https://i.ytimg.com/vi/T7MNXolgF1Y/default.jpg
Hozier - Do I Wanna Know (Arctic Monkeys cover in the Live Lounge),fuWq4RZnc6U,10370270,https://i.ytimg.com/vi/fuWq4RZnc6U/default.jpg
Hozier performs James Carr's 'The Dark End Of The Street'   Cover Stories,oNiCYt20ang,188987,https://i.ytimg.com/vi/oNiCYt20ang/default.jpg
Hozier - Jungle Love/Problem (cover) - 2.20.15,hQTiGtLRz6Y,64631,https://i.ytimg.com/vi/hQTiGtLRz6Y/default.jpg
"Thom Yorke ‚Äì Boggle Eyes (Acoustic, Lo-fi)",KtBJHEbcPjs,978,https://i.ytimg.com/vi/KtBJHEbcPjs/default.jpg
flowers - pinkpantheress (demo? teaser?),zYG05MBzdZc,97004,https://i.ytimg.com/vi/zYG05MBzdZc/default.jpg
Pink Pantheress - Broken *UNRELEASED SONG* (EXTENDED EDIT),QsNl5lkqfWQ,43271,https://i.ytimg.com/vi/QsNl5lkqfWQ/default.jpg
PinkPantheress - Danger (unreleased),0Yhb5zX6Pck,78467,https://i.ytimg.com/vi/0Yhb5zX6Pck/default.jpg
PinkPantheress - Phelia (unreleased),UmWBwd2BQYo,58236,https://i.ytimg.com/vi/UmWBwd2BQYo/default.jpg
Nirvana - Horrified,eIrjagZlHe0,168565,https://i.ytimg.com/vi/eIrjagZlHe0/default.jpg
Ethel Cain - Golden Age (Piano Version),v1U6uHwBt4s,7184,https://i.ytimg.com/vi/v1U6uHwBt4s/default.jpg
Hospital Beds ii - Ethel Cain Lyrics,SHzlJx2ddl8,31063,https://i.ytimg.com/vi/SHzlJx2ddl8/default.jpg
ùî¢ùî±ùî•ùî¢ùî© ‚Ä† ùî†ùîûùî¶ùî´ -  Independence Day (prod. Little Triste),2a-N8jxtrJM,5869,https://i.ytimg.com/vi/2a-N8jxtrJM/default.jpg
ùñúùñäùñòùñôùñäùñóùñì ùñìùñéùñåùñçùñôùñò (ùñâùñäùñíùñî) - ùñúùñçùñéùñôùñä ùñòùñéùñëùñÜùñò // LYRIC VIDEO,c4Q_hxJokVQ,25053,https://i.ytimg.com/vi/c4Q_hxJokVQ/default.jpg
System Of A Down - Fortress Sexert Remastered,6_ysidA6K9M,93202,https://i.ytimg.com/vi/6_ysidA6K9M/default.jpg
System Of A Down  - Will They Die For You,phNqU_tb_44,74080,https://i.ytimg.com/vi/phNqU_tb_44/default.jpg
System Of A Down- Blue,uAjWetYEg-I,100180,https://i.ytimg.com/vi/uAjWetYEg-I/default.jpg
system of a down - Waiting for You (Version 1) - Untitled Ad,zGjG5tnlbXQ,19635,https://i.ytimg.com/vi/zGjG5tnlbXQ/default.jpg
system of a down - Therapy - Untitled Advance,z3UVziwuIfc,150137,https://i.ytimg.com/vi/z3UVziwuIfc/default.jpg
System of a Down- Good Bye Blue Sky #2,3YYrdDl4Uzw,33063,https://i.ytimg.com/vi/3YYrdDl4Uzw/default.jpg
System of a Down-Outro #4,jEnwH4SgXfY,13786,https://i.ytimg.com/vi/jEnwH4SgXfY/default.jpg
System of a Down-La Isla Bonita #5,2T6rl_0_cME,61446,https://i.ytimg.com/vi/2T6rl_0_cME/default.jpg
System of a Down-Tired in living in the World #8,oIz1Pbtk5ss,17342,https://i.ytimg.com/vi/oIz1Pbtk5ss/default.jpg
Avril Lavigne - Bright (Official Audio),3CTv8TPDYuc,837139,https://i.ytimg.com/vi/3CTv8TPDYuc/default.jpg
Shelter - (Feat. Avril Lavigne) - MOD SUN,LTs6jZLikpM,3073,https://i.ytimg.com/vi/LTs6jZLikpM/default.jpg
Bones - 2014Flows (Unreleased CDQ Snippet),infyYCit-m4,10836,https://i.ytimg.com/vi/infyYCit-m4/default.jpg
Bones - DiamondsOnMyChain (CDQ Unreleased Remaster),e7cqQYx2k3k,5615,https://i.ytimg.com/vi/e7cqQYx2k3k/default.jpg
Bones - BothEyesClosed (Unreleased Full Song),3vWy30RenSY,5135,https://i.ytimg.com/vi/3vWy30RenSY/default.jpg
Bones - DarkOut (Unreleased),ppaDkAg0kpY,4811,https://i.ytimg.com/vi/ppaDkAg0kpY/default.jpg
Bones - ThatDontPutFearInMe (UnreleasedSnippet),gl6OImrlYLE,4788,https://i.ytimg.com/vi/gl6OImrlYLE/default.jpg
Bones - CallMeBack (Unreleased CDQ),AkuQePGLY0E,4335,https://i.ytimg.com/vi/AkuQePGLY0E/default.jpg
Bones - Tarzan (Unreleased Snippet Remaster),keX5rh1ZyaQ,3818,https://i.ytimg.com/vi/keX5rh1ZyaQ/default.jpg
Bones - IDontKnow (Unreleased Snippet),uYnnQDfkQ04,3414,https://i.ytimg.com/vi/uYnnQDfkQ04/default.jpg
Bones - JumpingAndScreaming (Unreleased snippet),9sBOJ-2QYmA,3276,https://i.ytimg.com/vi/9sBOJ-2QYmA/default.jpg
Bones - 2014Flows (UnreleasedRemaster),bYtZ5gwEGOc,2968,https://i.ytimg.com/vi/bYtZ5gwEGOc/default.jpg
Ben Howard - A Hand To Hold,FzQ1Mby_bYs,2414617,https://i.ytimg.com/vi/FzQ1Mby_bYs/default.jpg
Ben Howard - To The City,KD0Pbud7qS4,691472,https://i.ytimg.com/vi/KD0Pbud7qS4/default.jpg
BEN HOWARD - WOULDN'T BE A LIE,fDmzW-0k5ds,378246,https://i.ytimg.com/vi/fDmzW-0k5ds/default.jpg
Ben Howard - London Portrait,cXGyBCLsgMg,70701,https://i.ytimg.com/vi/cXGyBCLsgMg/default.jpg
Ben Howard - RARE NEW SONG 2019 - Quiet Me Down,BXfO8qyawBM,403129,https://i.ytimg.com/vi/BXfO8qyawBM/default.jpg
WOULDN'T BE A LIE - From the GAMES IN THE DARK EP - Ben Howard,G0bAiuyTz9E,31951,https://i.ytimg.com/vi/G0bAiuyTz9E/default.jpg
Ben Howard - Killing of Georgie (Cover) | Maida Vale Session,w9uN1RkopGA,59375,https://i.ytimg.com/vi/w9uN1RkopGA/default.jpg
"Ben Howard - Conrad (Live @ Brudenell Social Club, Leeds)",n1bDSVGEtSY,15945,https://i.ytimg.com/vi/n1bDSVGEtSY/default.jpg
Ben Howard - Back to the River (Rough Cut),hQdJuE9fsR4,11344,https://i.ytimg.com/vi/hQdJuE9fsR4/default.jpg
Ben Howard - Wouldn't Be A Lie (Alt Version),Y5QbRp7mBIM,1375,https://i.ytimg.com/vi/Y5QbRp7mBIM/default.jpg
Kurupt feat Dr Dre & Jewell - I Dont Bang No More (1993 Death Row Unreleased),8xo4x7ikPgQ,30820,https://i.ytimg.com/vi/8xo4x7ikPgQ/default.jpg
Hands On - Experience (Produced By Dr Dre '95/'96),N4mXjb6s5PQ,3967,https://i.ytimg.com/vi/N4mXjb6s5PQ/default.jpg
Nas featuring Nature & Norega - Triple Threat (Unreleased),-9eqcX5gho8,219381,https://i.ytimg.com/vi/-9eqcX5gho8/default.jpg
Avicii - We Burn (First Remake) (80%),jI4kwjQICV4,68986,https://i.ytimg.com/vi/jI4kwjQICV4/default.jpg
Avicii ft. Sia - All I Need (Max Pand√®mix piano cover),ZoZVwCXGscw,25189,https://i.ytimg.com/vi/ZoZVwCXGscw/default.jpg
"AVICII, David Guetta & Afrojack - Say Goodbye [Alex ST Remake]",ygtEDOTrS00,77524,https://i.ytimg.com/vi/ygtEDOTrS00/default.jpg
Ed Sheeran - Sunburn Lyrics,ZUQS3j9EtDY,4750248,https://i.ytimg.com/vi/ZUQS3j9EtDY/default.jpg
Ed Sheeran - Stay With Me (Lyrics),ryhrmQuvKXM,3569507,https://i.ytimg.com/vi/ryhrmQuvKXM/default.jpg
Ed Sheeran (first TV interview before he was famous),hv5D9o-Qav8,739872,https://i.ytimg.com/vi/hv5D9o-Qav8/default.jpg
I'm Glad I'm Not You - Ed Sheeran (Want Some),Igb9QlzboBo,432602,https://i.ytimg.com/vi/Igb9QlzboBo/default.jpg
Quiet Ballad Of Ed - Ed Sheeran (Ed Sheeran),1NSv754JASI,352926,https://i.ytimg.com/vi/1NSv754JASI/default.jpg
Arctic Monkeys - Wavin Bye To The Train Or The Bus,AvpYv_R9UN0,358454,https://i.ytimg.com/vi/AvpYv_R9UN0/default.jpg
PaperCut [Demo 3],Oiu2qMjYpt4,139196,https://i.ytimg.com/vi/Oiu2qMjYpt4/default.jpg
Paper Cut (Stitches),cvh58IjWLBo,16760,https://i.ytimg.com/vi/cvh58IjWLBo/default.jpg
Justin Bieber - Faithful  (TRADU√á√ÉO/LEGENDA),c-zTwLjx7Bw,97287,https://i.ytimg.com/vi/c-zTwLjx7Bw/default.jpg
Justin Bieber - It‚Äôs Working feat. Euro | Legendado/ Tradu√ß√£o,7BbcluXgt74,17827,https://i.ytimg.com/vi/7BbcluXgt74/default.jpg
Justin Bieber - Snow Up 2019 New Song ( Unreleased ),WPxoB6eQuPw,299176,https://i.ytimg.com/vi/WPxoB6eQuPw/default.jpg
"Mariah Carey - Why You Mad (feat. Justin Bieber, French Montana & T.I.) (Infinity Remix) + Download",TOueIK5CYDQ,362219,https://i.ytimg.com/vi/TOueIK5CYDQ/default.jpg
Justin Bieber - Looking For You ft. Migos,T_Yz0u4cFww,4305376,https://i.ytimg.com/vi/T_Yz0u4cFww/default.jpg
Bebe Rexha - Call On Me Snippet,d2rQ4inhCMY,9876,https://i.ytimg.com/vi/d2rQ4inhCMY/default.jpg
Bebe Rexha - Sweet But Psycho [A.I Cover],m1m5qhkwc_M,2553,https://i.ytimg.com/vi/m1m5qhkwc_M/default.jpg
Gomorra - No Way Out Alternate Version 3,dJqDdKsXURc,69243,https://i.ytimg.com/vi/dJqDdKsXURc/default.jpg
Gomorra La Serie Unreleased Music #6,g723W6hOng0,6141,https://i.ytimg.com/vi/g723W6hOng0/default.jpg
Gomorra - Doomed to Live Slow Version Ciro's Death,vdFmOlOvLPY,21428,https://i.ytimg.com/vi/vdFmOlOvLPY/default.jpg
Grimes - Pretty Dark  {Demo},00qF95f6qBs,1752628,https://i.ytimg.com/vi/00qF95f6qBs/default.jpg
Grimes - Ham Mer Maid,RfAOUbLCSZM,32349,https://i.ytimg.com/vi/RfAOUbLCSZM/default.jpg
Grimes - The Crazy Doctor,fmxB7cmVyts,54810,https://i.ytimg.com/vi/fmxB7cmVyts/default.jpg
Grimes - Messenger Fin (Unreleased),qQzVju-svSA,23127,https://i.ytimg.com/vi/qQzVju-svSA/default.jpg
Unknown - Live at Casa Del Popolo | Nov 2010,CoO7wHb9lJE,10297,https://i.ytimg.com/vi/CoO7wHb9lJE/default.jpg
The Horizon (Grimes and Majical Cloudz Remix),_EUG6E7J_TY,4387,https://i.ytimg.com/vi/_EUG6E7J_TY/default.jpg
Kurt Cobain-Creation (Rare Home Recording),fSgQ75m55m0,439988,https://i.ytimg.com/vi/fSgQ75m55m0/default.jpg
Nirvana - Unknown #3 (1987 Rehearsal),CUwLhZCSJYg,158452,https://i.ytimg.com/vi/CUwLhZCSJYg/default.jpg
Nirvana - Ain't It a Shame [Lyrics],WyeH0V0Gvao,559101,https://i.ytimg.com/vi/WyeH0V0Gvao/default.jpg
Fecal Matter - 03 - Laminated Effect,rlXekW1BSsg,118686,https://i.ytimg.com/vi/rlXekW1BSsg/default.jpg
"Prodigy - New Message ""Serious"" | Music Video | Jordan Tower Network",1UREfJfUm5Q,97612,https://i.ytimg.com/vi/1UREfJfUm5Q/default.jpg
Prodigy Feat Illa Ghee - Camay Freestyle,HrNFvdg2RSU,9393,https://i.ytimg.com/vi/HrNFvdg2RSU/default.jpg
Prodigy - What A Real Mobb Do Ft. Big Twin,HbSysfjHES4,117405,https://i.ytimg.com/vi/HbSysfjHES4/default.jpg
Mobb Deep - Tha World (Unreleased),Xk0EHvsUlIk,87276,https://i.ytimg.com/vi/Xk0EHvsUlIk/default.jpg
Elliott Smith - Dancing on the Highway CLEARER STUDIO VERSION,xawASIzzJRQ,266115,https://i.ytimg.com/vi/xawASIzzJRQ/default.jpg
Elliott Smith - Taking A Fall,8_LCi9NtqvE,134266,https://i.ytimg.com/vi/8_LCi9NtqvE/default.jpg
Elliott Smith - Melodic Noise (Grand Mal Studio Rarities) disk 4,R28pJBIfmXY,9186,https://i.ytimg.com/vi/R28pJBIfmXY/default.jpg
Elliott Smith - Blue Mood,mzyqIIQ2qkc,35712,https://i.ytimg.com/vi/mzyqIIQ2qkc/default.jpg
Elliott Smith - Crazy Heart - 1996,qUvoI5nb0Mg,12038,https://i.ytimg.com/vi/qUvoI5nb0Mg/default.jpg
Second Time Around- Lady GaGa *NEW* w/ LYRICS [HQ] +DOWNLOAD LINK*,X9TmZob-UYY,384541,https://i.ytimg.com/vi/X9TmZob-UYY/default.jpg
Lady Gaga - Retro Physical,4tnaCXWPOPQ,683734,https://i.ytimg.com/vi/4tnaCXWPOPQ/default.jpg
Break The Bank (Eternal Atake Leak),N3Jd9vSA5IU,68508,https://i.ytimg.com/vi/N3Jd9vSA5IU/default.jpg
"Go Yayo, DaBaby & Stunna 4 Vegas - Rockstar (No Hook) (AUDIO)",wpYihyYHQf4,300932,https://i.ytimg.com/vi/wpYihyYHQf4/default.jpg
Wiz Khalifa - Presidents,Cu6s4lWTFUk,92686,https://i.ytimg.com/vi/Cu6s4lWTFUk/default.jpg
Wiz Khalifa - Neighbors,xQs9HVuZFbo,204907,https://i.ytimg.com/vi/xQs9HVuZFbo/default.jpg
Lady Gaga - Tea (Audio),LENbfnA48Lg,38153,https://i.ytimg.com/vi/LENbfnA48Lg/default.jpg
Lady Gaga - Stuck On Fuckin' You,WXje0s_bOa4,3509691,https://i.ytimg.com/vi/WXje0s_bOa4/default.jpg
"The Weeknd, Kavinsky - Odd Look (Demo)",asprb3BykgY,16105,https://i.ytimg.com/vi/asprb3BykgY/default.jpg
Love Crimes (Original) - Frank Ocean [w/ Lyrics on Screen],JoFoj7kaaaQ,393005,https://i.ytimg.com/vi/JoFoj7kaaaQ/default.jpg
Robin Thicke- Another Life [Prod. The Neptunes] (HQ) (NEW),_v-xUQuV6Vc,386457,https://i.ytimg.com/vi/_v-xUQuV6Vc/default.jpg
Natasha Ramos - Til The Morning,fz5M29b3ym0,81738,https://i.ytimg.com/vi/fz5M29b3ym0/default.jpg
Natasha Ramos Ft. Robin Thicke & Pharrell Williams - Deeper,DflwHKtURGk,95909,https://i.ytimg.com/vi/DflwHKtURGk/default.jpg
"Latrelle - Infatuated, Produced by the Neptunes",2YFGvd6trL8,319327,https://i.ytimg.com/vi/2YFGvd6trL8/default.jpg
Clipse - Got Caught Dealin Part II (Feat. Pharrell Williams),CBUxxl5NnME,49343,https://i.ytimg.com/vi/CBUxxl5NnME/default.jpg
Vanessa marquez - Want you to know,loDguNJlLA4,173519,https://i.ytimg.com/vi/loDguNJlLA4/default.jpg
Res - You Know What (N*E*R*D Demo),w394Nn23MZY,97017,https://i.ytimg.com/vi/w394Nn23MZY/default.jpg
Have it All - Gucci Mane ft. Pharrell,MGe6kDynRZo,369602,https://i.ytimg.com/vi/MGe6kDynRZo/default.jpg
Case Files Chicago - The Pope Sisters - Full Episode HD,nASRAZh7qQs,13687,https://i.ytimg.com/vi/nASRAZh7qQs/default.jpg
LAST HEAVEN (1996 DEMO) BY WATERPARKS,O_wjXc4ONfk,66809,https://i.ytimg.com/vi/O_wjXc4ONfk/default.jpg
Lil Gnar - No Cosign (feat. Joji) [snippet],U70ZwhooVpI,3696,https://i.ytimg.com/vi/U70ZwhooVpI/default.jpg
joji - love us again (unreleased audio),PHShPpf2Ffk,471441,https://i.ytimg.com/vi/PHShPpf2Ffk/default.jpg
Quasimoto - Okay (feat. MF DOOM),laUgu58FAhc,232880,https://i.ytimg.com/vi/laUgu58FAhc/default.jpg
"MED, Blu & Madlib feat. MF DOOM ""Knock Knock""",XdcZLMtkyfM,22467,https://i.ytimg.com/vi/XdcZLMtkyfM/default.jpg
Lily Allen - 09 Age Of Beige,pZJDvUM_6yg,36387,https://i.ytimg.com/vi/pZJDvUM_6yg/default.jpg
Lily Allen - Stop Shop,VIcychWo1Ag,1832,https://i.ytimg.com/vi/VIcychWo1Ag/default.jpg
Lily Allen - Up The Junction (Squeeze cover),jhS5mmHgCMs,2902,https://i.ytimg.com/vi/jhS5mmHgCMs/default.jpg
Lily Allen - I'm Outta Time (Oasis cover),Ac0bKtokHWw,3645,https://i.ytimg.com/vi/Ac0bKtokHWw/default.jpg
Madonna - Gone Gone Gone (this love affair is over),f_QLb9zyhs8,109908,https://i.ytimg.com/vi/f_QLb9zyhs8/default.jpg
Madonna: Revenge [Unreleased Song],fLlmSDUjYdk,324663,https://i.ytimg.com/vi/fLlmSDUjYdk/default.jpg
Madonna: Keep the Trance [Unreleased Song],nlBv23dC2zk,218350,https://i.ytimg.com/vi/nlBv23dC2zk/default.jpg
Across The Sky - Madonna feat. Justin Timberlake (HD with LYRICS),v06VBNO1gz0,438953,https://i.ytimg.com/vi/v06VBNO1gz0/default.jpg
Madonna - Across The Sky,xs9CvTqGl1g,59773,https://i.ytimg.com/vi/xs9CvTqGl1g/default.jpg
The Game - Put Me Under,FIsLA_H5ASE,905113,https://i.ytimg.com/vi/FIsLA_H5ASE/default.jpg
Game ft. Stat Quo - Bottom Line,GwSs6l1S90U,5705,https://i.ytimg.com/vi/GwSs6l1S90U/default.jpg
Game ft. Stat Quo & Nate Dogg - Hold Up,XBn8XCnbtSQ,17453,https://i.ytimg.com/vi/XBn8XCnbtSQ/default.jpg
The Beatles - Too Bad About Sorrows,8a_j0U9HnBc,14735,https://i.ytimg.com/vi/8a_j0U9HnBc/default.jpg
‚ù§Conan Gray‚ù§ Lyrics  ‚ù§Those Days‚ù§,EhKfbKqy4hw,15480,https://i.ytimg.com/vi/EhKfbKqy4hw/default.jpg
"Fiona Apple - Oh, Sailor (unreleased version)",luOJK3gCNw8,125289,https://i.ytimg.com/vi/luOJK3gCNw8/default.jpg
Analog 2 (feat. Tyler The Creator) - Frank Ocean,94rTIxrEf5o,69334,https://i.ytimg.com/vi/94rTIxrEf5o/default.jpg
White (2013) - Frank Ocean,I4OqOSXnuog,36424,https://i.ytimg.com/vi/I4OqOSXnuog/default.jpg
Frank Ocean - One Look w/ Lyrics [Lonny Breaux Collection],eGb5eLFwpp8,227133,https://i.ytimg.com/vi/eGb5eLFwpp8/default.jpg
Frank Ocean - Rushes (Bass Guitar Layer),1vEtK8HKZz4,21498,https://i.ytimg.com/vi/1vEtK8HKZz4/default.jpg
"Crystal Castles - Make It Hott (ft. Uffie sample)""",vUxRhQhmVzo,39395,https://i.ytimg.com/vi/vUxRhQhmVzo/default.jpg
Evanescence - Understanding Lyrics (Evanescence EP),b8oCppEhLLA,624473,https://i.ytimg.com/vi/b8oCppEhLLA/default.jpg
Evanescence - Away From Me Lyrics (Origin),fY3C92329-0,1015948,https://i.ytimg.com/vi/fY3C92329-0/default.jpg
Hollywood Undead - Scene For Dummies [Lyrics Video],RSvPsj-NRSA,2346406,https://i.ytimg.com/vi/RSvPsj-NRSA/default.jpg
Hollywood Undead - Medicine [Lyrics],eGNSzKzaidg,9130214,https://i.ytimg.com/vi/eGNSzKzaidg/default.jpg
Hollywood Undead - One More Bottle [Lyrics],cla1Fx1kUsk,3748657,https://i.ytimg.com/vi/cla1Fx1kUsk/default.jpg
"Queen & Paul Rodgers: ""Take Love (Where You Find It)""",wth7ig9POP4,17731,https://i.ytimg.com/vi/wth7ig9POP4/default.jpg
Alone Again - Maisie Peters (Lyrics) (Unreleased),fd5KVdSKLmQ,15564,https://i.ytimg.com/vi/fd5KVdSKLmQ/default.jpg
Burn the Bridges - Maisie Peters (Lyrics) (Unreleased),3uzkOmZUCYs,6446,https://i.ytimg.com/vi/3uzkOmZUCYs/default.jpg
Gangsta Cry (feat. NoCap),nvBjw2zKXj8,278508,https://i.ytimg.com/vi/nvBjw2zKXj8/default.jpg
Al Green - Love Ritual (Official Audio),wH32rffeClg,14292,https://i.ytimg.com/vi/wH32rffeClg/default.jpg
Al Green - Up Above My Head (Official Audio),HFfQg4d6LXE,7372,https://i.ytimg.com/vi/HFfQg4d6LXE/default.jpg
Yesterday I Saw The World (Demo) - Buckingham Nicks,N6c0rbs4qSQ,4238,https://i.ytimg.com/vi/N6c0rbs4qSQ/default.jpg
Future  - Come With Me Ft Jo Rodeo,MKCEpuCnSME,77005,https://i.ytimg.com/vi/MKCEpuCnSME/default.jpg
Lady Gaga - MANiCURE (Demo),NvYR13YZIKg,34641,https://i.ytimg.com/vi/NvYR13YZIKg/default.jpg
Madison Beer - Dramatic (Audio),zs5MMzLSTtk,27164,https://i.ytimg.com/vi/zs5MMzLSTtk/default.jpg
Madison Beer - Natural Born Killer ‚Äì As She Pleases Sessions,CU44nBntgGY,16567,https://i.ytimg.com/vi/CU44nBntgGY/default.jpg
Confession| Madison Beer| (Unreleased),rl-wsVAIdd0,13181,https://i.ytimg.com/vi/rl-wsVAIdd0/default.jpg
Anonymous| Madison Beer| Unreleased,gNT5o7JIEqc,7345,https://i.ytimg.com/vi/gNT5o7JIEqc/default.jpg
Temperamental| Madison Beer| Unreleased,7QH3G_yZIr8,6945,https://i.ytimg.com/vi/7QH3G_yZIr8/default.jpg
Madison Beer - On You (audio),VJnreYEX0Tc,5314,https://i.ytimg.com/vi/VJnreYEX0Tc/default.jpg
07 Slipknot - Me Inside (Corey Demo),K-yQFAFraoo,14168,https://i.ytimg.com/vi/K-yQFAFraoo/default.jpg
Painface/Slipknot (1993) - Wise Up (Construction) (Basement Sessions 1),q2XPR60K5Ec,937,https://i.ytimg.com/vi/q2XPR60K5Ec/default.jpg
strawberry switchblade - secrets (robin millar session),knqqmGtmbhA,56327,https://i.ytimg.com/vi/knqqmGtmbhA/default.jpg
strawberry switchblade - poor hearts (robin millar session),zbP_7SE6DMg,32452,https://i.ytimg.com/vi/zbP_7SE6DMg/default.jpg
strawberry switchblade - secrets (peel session),rNfUT926KcU,3414,https://i.ytimg.com/vi/rNfUT926KcU/default.jpg
Lucki - Foggy Days (prod. CaptainCrunch & DJ Eway),ZyDzGqXRndU,122973,https://i.ytimg.com/vi/ZyDzGqXRndU/default.jpg
"Tyler, The Creator - Celery Sticks (Instrumental) [Rare]",oz_HWLkN5eo,148255,https://i.ytimg.com/vi/oz_HWLkN5eo/default.jpg
Feels so right - Fifth Harmony (unreleased),c7lpBd7tUIk,45066,https://i.ytimg.com/vi/c7lpBd7tUIk/default.jpg
Fifth Harmony - Tellin' Me (HQ),nD__NkLqCkk,26421,https://i.ytimg.com/vi/nD__NkLqCkk/default.jpg
Fifth Harmony - Who Can I Run To [SNIPPET],Fg-19u8QK_A,29478,https://i.ytimg.com/vi/Fg-19u8QK_A/default.jpg
"Fifth Harmony, Jasmine V., Jacob Whitesides & Mahogany Lox - Uptown Funk",hBtOWai3zbg,20097900,https://i.ytimg.com/vi/hBtOWai3zbg/default.jpg
"Aurora - Animal Soul (HD) - Concorde 2, Brighton - 10.10.16",nEf1Dzq1Mew,4528,https://i.ytimg.com/vi/nEf1Dzq1Mew/default.jpg
Aries - Under Your Skin [Remastered by Lil $unny],s161g7BibT0,119912,https://i.ytimg.com/vi/s161g7BibT0/default.jpg
Jay-Z - Under Pressure (Feat. Sauce Money),X_83g_ksjsg,5176,https://i.ytimg.com/vi/X_83g_ksjsg/default.jpg
Jay-Z - Dead Or Alive (Part 2) (Feat. Sauce Money),BldEGhmAU40,7408,https://i.ytimg.com/vi/BldEGhmAU40/default.jpg
Jay-Z - When The Money Goes (Leftover Track),D9BMf7s1RNo,14118,https://i.ytimg.com/vi/D9BMf7s1RNo/default.jpg
Weezer - Unchained Melody (2004) Full Album,nXbGBueB1hw,80365,https://i.ytimg.com/vi/nXbGBueB1hw/default.jpg
Sam Sneed Ft Josey Whales - Put It Down,eCzEogOUvsM,4380,https://i.ytimg.com/vi/eCzEogOUvsM/default.jpg
Alex G - World/Insured,vGyQQS5i0s4,199993,https://i.ytimg.com/vi/vGyQQS5i0s4/default.jpg
Alex G - Jack + Wife (ft. Abi Reimold),sCvK79OT93c,16594,https://i.ytimg.com/vi/sCvK79OT93c/default.jpg
Don Toliver ‚Äì Night Scene [Extended Edit],AhZm8kvla5I,1699434,https://i.ytimg.com/vi/AhZm8kvla5I/default.jpg
"Travis Scott, James Blake, Westside Gunn ‚Äì Lost Forever (Remix)",B0s6fviUHyA,17373,https://i.ytimg.com/vi/B0s6fviUHyA/default.jpg
Don Toliver ‚Äì Stay Down (Solo) [Edit],V6sKR7KgDMw,30954,https://i.ytimg.com/vi/V6sKR7KgDMw/default.jpg
Don Toliver ‚Äì Hot Pursuit (Remix),pJm_SXqxmT4,19762,https://i.ytimg.com/vi/pJm_SXqxmT4/default.jpg
Don Toliver - No Signal (Unreleased),IiBeHpX_ioo,35403,https://i.ytimg.com/vi/IiBeHpX_ioo/default.jpg
Don Toliver x Ashton Travis - Roll Thru (Feat. Jake Rattle),cYThijjg9C8,8251,https://i.ytimg.com/vi/cYThijjg9C8/default.jpg
Charli XCX - Beg For It (Demo for Iggy Azalea),ZFhF-BqDzOI,30554,https://i.ytimg.com/vi/ZFhF-BqDzOI/default.jpg
Charli XCX - It Doesn't Matter (Seven Day Holiday),cVbtwoDweik,11243,https://i.ytimg.com/vi/cVbtwoDweik/default.jpg
Rich Homie Quan - Back Against the Wall,nO4MM8MG5Gc,42038,https://i.ytimg.com/vi/nO4MM8MG5Gc/default.jpg
Rich Homie Quan - Business,ryAusP1ScKg,16151,https://i.ytimg.com/vi/ryAusP1ScKg/default.jpg
Rich Homie Quan ft. Drake - Tell Me Why,B5xkPh9mOX8,142223,https://i.ytimg.com/vi/B5xkPh9mOX8/default.jpg
Rich Homie Quan - You Know,-8PQzS9x2mw,231175,https://i.ytimg.com/vi/-8PQzS9x2mw/default.jpg
Spice Girls Unreleased Demos,O_ZbiHm1MUg,65176,https://i.ytimg.com/vi/O_ZbiHm1MUg/default.jpg
Spice Girls - My Strongest Suit (Lyrics & Pictures),Ac2JjZ90J4o,110145,https://i.ytimg.com/vi/Ac2JjZ90J4o/default.jpg
Catfish and the Bottlemen - Asa,5CigphtHlsU,587034,https://i.ytimg.com/vi/5CigphtHlsU/default.jpg
Catfish and the Bottlemen - Bodies {Sub. Espa√±ol},tGxpxsAGgZ0,8437,https://i.ytimg.com/vi/tGxpxsAGgZ0/default.jpg
Catfish and the Bottlemen - Masochist {Sub. Espa√±ol},G6EMShswCaY,4189,https://i.ytimg.com/vi/G6EMShswCaY/default.jpg
Strong All Along (Demo w/ vox),rXdhKxDURek,8427,https://i.ytimg.com/vi/rXdhKxDURek/default.jpg
Large in the Margin (Demo w/ vox),rYV1NcKjRYA,6949,https://i.ytimg.com/vi/rYV1NcKjRYA/default.jpg
J. Cole - Pass Me By Ft.B.o.B (Lyrics On Screen),cpc3Gn4OyxY,620276,https://i.ytimg.com/vi/cpc3Gn4OyxY/default.jpg
Serenade - J Cole [The Blow Up],w-o4rvR5YJg,39838,https://i.ytimg.com/vi/w-o4rvR5YJg/default.jpg
05 Dollar and a Dream | The Come Up Mixtape (2007) - J. Cole,_cUYc3ncakM,144951,https://i.ytimg.com/vi/_cUYc3ncakM/default.jpg
06 Throw It Up | The Come Up Mixtape (2007) - J. Cole,fYpQn79X_P4,115742,https://i.ytimg.com/vi/fYpQn79X_P4/default.jpg
09 Split You Up | The Come Up Mixtape (2007) - J. Cole,IIgXHJwH4CE,94637,https://i.ytimg.com/vi/IIgXHJwH4CE/default.jpg
12 Mighty Crazy | The Come Up Mixtape (2007) - J. Cole,bWHACWtYUBU,70894,https://i.ytimg.com/vi/bWHACWtYUBU/default.jpg
16 Carolina on My Mind (feat. Deacon) | The Come Up Mixtape (2007) - J. Cole,4BoJ4sVizkA,70339,https://i.ytimg.com/vi/4BoJ4sVizkA/default.jpg
Childish Gambino - Song 8,KNMZ3BAV1c0,3662,https://i.ytimg.com/vi/KNMZ3BAV1c0/default.jpg
Childish Gambino - Love Lost Paradise,Smvwi19iJuQ,5679,https://i.ytimg.com/vi/Smvwi19iJuQ/default.jpg
Childish Gambino - Jungle Love,opOYUi4OB24,3151,https://i.ytimg.com/vi/opOYUi4OB24/default.jpg
Childish Gambino - Newton Goes To Africa,vs3QgSOSre8,2285,https://i.ytimg.com/vi/vs3QgSOSre8/default.jpg
Oliver Tree - Sun (Unreleased) [Extended],HA9j-sbBHz4,14925,https://i.ytimg.com/vi/HA9j-sbBHz4/default.jpg
Oliver Tree - When You're Around | Sub. Espa√±ol,gjagUfG-lKQ,12584,https://i.ytimg.com/vi/gjagUfG-lKQ/default.jpg
Getter & Oliver Tree - Weekend (Sub. Espa√±ol),qF71Muvvukg,5537,https://i.ytimg.com/vi/qF71Muvvukg/default.jpg
Oliver tree SUNK YIUR SHIP LEAK,vJquXnvI-co,1746,https://i.ytimg.com/vi/vJquXnvI-co/default.jpg
Oliver Tree - Oxymoron [Lyric Video],IiE7Z3acEhI,21912,https://i.ytimg.com/vi/IiE7Z3acEhI/default.jpg
Zach Bryan - The Sea Today (Unreleased) (Lyrics),cFJOGyXSfUc,220576,https://i.ytimg.com/vi/cFJOGyXSfUc/default.jpg
Jeff Buckley - Peace Offering (rare track),1lu09Gl11Yc,112134,https://i.ytimg.com/vi/1lu09Gl11Yc/default.jpg
Jeff Buckley - Thousand Fold,g9VynKOX-yE,98159,https://i.ytimg.com/vi/g9VynKOX-yE/default.jpg
Jeff Buckley & Elizabeth Fraser - All Flowers In Time Bend Towards The Sun *Remastered*,cJLq_K45Ro8,117839,https://i.ytimg.com/vi/cJLq_K45Ro8/default.jpg
Strawberry Street - Jeff Buckley,L5TfkDPMPbk,61661,https://i.ytimg.com/vi/L5TfkDPMPbk/default.jpg
Jeff Buckley RARE - The Man i Am Now (Quality Restore),7zddA1lef6g,17653,https://i.ytimg.com/vi/7zddA1lef6g/default.jpg
Jeff Buckley -  forget her (live),xD_1nImSJGc,161051,https://i.ytimg.com/vi/xD_1nImSJGc/default.jpg
Jeff Buckley - Ulalume,JgeaqpmqUT8,406330,https://i.ytimg.com/vi/JgeaqpmqUT8/default.jpg
carve a name - mother mother (lyrics),0JhCO2wQT3o,6452,https://i.ytimg.com/vi/0JhCO2wQT3o/default.jpg
s á«ù û…îo‘Ä - ·¥â á…π…ê∆Ü ·¥âoq é…êl‘Ä,n-6vZeo7ARM,1620,https://i.ytimg.com/vi/n-6vZeo7ARM/default.jpg
s«ùl á áoq do‘Ä - ·¥â á…π…ê∆Ü ·¥âoq é…êl‘Ä,bpjX8rIfFT8,2789,https://i.ytimg.com/vi/bpjX8rIfFT8/default.jpg
∆É«ùÀ• pu…ê …Ø…π‚àÄ - ·¥â á…π…ê∆Ü ·¥âoq é…êl‘Ä ‚Öã pp«ù…π «ù·¥âdd·¥â…π‚î¥,_MYbT2eJIJw,1027,https://i.ytimg.com/vi/_MYbT2eJIJw/default.jpg
«ùu·¥âW - ·¥â á…π…ê∆Ü ·¥âoq é…êl‘Ä,VNxq8iu_AJs,1266,https://i.ytimg.com/vi/VNxq8iu_AJs/default.jpg
poo ç ás«ùM «ùuu«ù·¥â å·¥âŒõ - ·¥â á…π…ê∆Ü ·¥âoq é…êl‘Ä,-JkfxtyorTU,2821,https://i.ytimg.com/vi/-JkfxtyorTU/default.jpg
 élloW - ·¥â á…π…ê∆Ü ·¥âoq é…êl‘Ä,_JDfQAdij2E,33132,https://i.ytimg.com/vi/_JDfQAdij2E/default.jpg
 á·¥â…•S «ù ûo‚î¥ - ·¥â á…π…ê∆Ü ·¥âoq é…êl‘Ä,my_MOrve-gM,3212,https://i.ytimg.com/vi/my_MOrve-gM/default.jpg
uo á«ùl«ù ûS - ·¥â á…π…ê∆Ü ·¥âoq é…êl‘Ä,h2VOpiiRVwM,5557,https://i.ytimg.com/vi/h2VOpiiRVwM/default.jpg
…π…ê‚Ñ≤ s·¥â…•‚î¥  áI «ùp…êW - ·¥â á…π…ê∆Ü ·¥âoq é…êl‘Ä,6uj58LCz_CE,4750,https://i.ytimg.com/vi/6uj58LCz_CE/default.jpg
s∆Én…πp pu‚àÄ  é«ùuoW - ·¥â á…π…ê∆Ü ·¥âoq é…êl‘Ä,sghYw_TFaMU,3348,https://i.ytimg.com/vi/sghYw_TFaMU/default.jpg
spu«ù·¥â…π‚Ñ≤ - ·¥â á…π…ê∆Ü ·¥âoq é…êl‘Ä,gkkj0-vyHEg,3466,https://i.ytimg.com/vi/gkkj0-vyHEg/default.jpg
blackbear - one headlight (Lyrics),8QX90NSMPjs,287739,https://i.ytimg.com/vi/8QX90NSMPjs/default.jpg
Blackbear - You're Gonna Love Me (HD),ifcN6X7rO1Q,395098,https://i.ytimg.com/vi/ifcN6X7rO1Q/default.jpg
Blackbear - Marilyn Monroe (Ft. T. Mills) (LYRICS + HD),NMAp571feg4,691954,https://i.ytimg.com/vi/NMAp571feg4/default.jpg
Blackbear - What It Is (Ft. Bei Maejor & Mike Posner) (HD),1RjDD5-GdYo,192668,https://i.ytimg.com/vi/1RjDD5-GdYo/default.jpg
Blackbear - End Up (Ft. Mindy White) (LYRICS + HD),BwOoZmvchtc,416969,https://i.ytimg.com/vi/BwOoZmvchtc/default.jpg
Blackbear - Irresponsibility (HD),gP6mghwqkdM,172229,https://i.ytimg.com/vi/gP6mghwqkdM/default.jpg
Blackbear - Cold Coffee (Ft. Matt Thiessen) (HD),dfS64ma9-E4,412388,https://i.ytimg.com/vi/dfS64ma9-E4/default.jpg
Blackbear - Laid Out (LYRICS + HD),st-lE_dQ0Yk,776831,https://i.ytimg.com/vi/st-lE_dQ0Yk/default.jpg
Yung Lean - Taipei,uuwa2A7vwu0,268685,https://i.ytimg.com/vi/uuwa2A7vwu0/default.jpg
Bryson Tiller - Don‚Äôt Say That (feat.Guapdad),27tDRY1PV7Q,388765,https://i.ytimg.com/vi/27tDRY1PV7Q/default.jpg
IV of Spades - not my fault (2502the2017),dtG7Kn2kb2I,40779,https://i.ytimg.com/vi/dtG7Kn2kb2I/default.jpg
These Things Happen Too - 24 September üöÄüöÄüöÄ,6PrP4FFYzms,2393,https://i.ytimg.com/vi/6PrP4FFYzms/default.jpg
Adele   Last Nite,wWPctU1fPjs,52129,https://i.ytimg.com/vi/wWPctU1fPjs/default.jpg
‚ÄúI‚Äôll never amount to anything‚Äù -Will Wood,7_x1x6Txt10,10664,https://i.ytimg.com/vi/7_x1x6Txt10/default.jpg
A Verbal Equinox - Sing The Singer/Songwriter Song (Live),FaRjPlCNMkw,6893,https://i.ytimg.com/vi/FaRjPlCNMkw/default.jpg
D.U.I. In the Sky - A Verbal Equinox,t7aWsREWTc8,5078,https://i.ytimg.com/vi/t7aWsREWTc8/default.jpg
BlackBoxWarrior -OKULTRA -Will Wood [Live in Studio],ltmwtkUE1Ss,251673,https://i.ytimg.com/vi/ltmwtkUE1Ss/default.jpg
Previously on The Mandalorian Soundtrack | The Mandalorian Chapter 10,qTTLiOnh-f8,6822,https://i.ytimg.com/vi/qTTLiOnh-f8/default.jpg
Failed Escape SoundTrack | The Mandalorian Season 2 Chapter 10,HZ7MPi2mfE8,31363,https://i.ytimg.com/vi/HZ7MPi2mfE8/default.jpg
The Seeing Stone Soundtrack | The Mandalorian Season 2 Chapter 14 'The Tragedy',hV9bsnAQcXg,4890,https://i.ytimg.com/vi/hV9bsnAQcXg/default.jpg
Enter Boba Soundtrack | The Mandalorian Season 2 Chapter 14 'The Tragedy',dFMDCHWbDI8,7165,https://i.ytimg.com/vi/dFMDCHWbDI8/default.jpg
Mayfeld Leaves Prison Soundtrack | The Mandalorian Season 2 Chapter 15,cODLvBcb7ZI,29366,https://i.ytimg.com/vi/cODLvBcb7ZI/default.jpg
Kidnap Pershing Soundtrack | The Mandalorian Season 2 Chapter 16,5oVIOoRzJlY,4166,https://i.ytimg.com/vi/5oVIOoRzJlY/default.jpg
Crashing into the Light Cruiser Soundtrack | The Mandalorian Season 2 Chapter 16,10B_EsUi2D4,10348,https://i.ytimg.com/vi/10B_EsUi2D4/default.jpg
DEAR DECLAN RICE... (AGAIN),U8-gQRH8KH4,356304,https://i.ytimg.com/vi/U8-gQRH8KH4/default.jpg
Justin Bieber - The intro (Color Me Stoked - unreleased ),mjxdsAAeF8U,169399,https://i.ytimg.com/vi/mjxdsAAeF8U/default.jpg
Justin Bieber - Actin' Up  (Color Me Stoked - unreleased ),ONCLeR6thDk,94588,https://i.ytimg.com/vi/ONCLeR6thDk/default.jpg
Justin Bieber - I Could Sing Of Your Love Forever,j5WDG6jJtZs,1723533,https://i.ytimg.com/vi/j5WDG6jJtZs/default.jpg
Michael Jackson Feat. Justin Bieber - Slave to the Rhythm (remix),1qr4yJg5qCs,5111168,https://i.ytimg.com/vi/1qr4yJg5qCs/default.jpg
Halsey - Nightmare in the Live Lounge,HW_EmCGc6DI,9910729,https://i.ytimg.com/vi/HW_EmCGc6DI/default.jpg
Is There Somewhere (Original Demo/Acoustic) - Halsey,tIk713XCarQ,105919,https://i.ytimg.com/vi/tIk713XCarQ/default.jpg
Halsey Berlin Soundcheck - Gasoline x Shot for me,SxcG5BLVXCk,11864,https://i.ytimg.com/vi/SxcG5BLVXCk/default.jpg
Usher - Believe Me (Audio),eD56VwKi91Y,858119,https://i.ytimg.com/vi/eD56VwKi91Y/default.jpg
Incredibox The Unreleased: The Secret Track,5KqtYCQeKPc,2850,https://i.ytimg.com/vi/5KqtYCQeKPc/default.jpg
Britney Spears - State of Grace (Unreleased),Tm4VYgbRDl8,605704,https://i.ytimg.com/vi/Tm4VYgbRDl8/default.jpg
Britney Spears - Kiss You All Over (Solo Version),JeZ4u1ACafA,22264,https://i.ytimg.com/vi/JeZ4u1ACafA/default.jpg
Britney Spears - Secret (Interlude),bMbx-XcKtcw,1490,https://i.ytimg.com/vi/bMbx-XcKtcw/default.jpg
Britney Spears - We Can Do It (Get Naked I Got A Plan Demo),QmjzrSdxOjE,90346,https://i.ytimg.com/vi/QmjzrSdxOjE/default.jpg
Babyface Ray - Tears From A Star,q7vzGLvl9tk,76018,https://i.ytimg.com/vi/q7vzGLvl9tk/default.jpg
Babyface Ray - Wolves,Pvgq2-cM8So,78502,https://i.ytimg.com/vi/Pvgq2-cM8So/default.jpg
Babyface Ray x GT - One Day (ft. Prince Jefe),NWDdmoPNMSY,21187,https://i.ytimg.com/vi/NWDdmoPNMSY/default.jpg
Babyface Ray - Sauce,QdIWpkBPEQ4,19186,https://i.ytimg.com/vi/QdIWpkBPEQ4/default.jpg
Babyface Ray x Los x Nutty - New Money,hOlHWfmCAgg,19938,https://i.ytimg.com/vi/hOlHWfmCAgg/default.jpg
Babyface Ray x Peezy - Bag In [LQ],wq7nAQAEQXM,11261,https://i.ytimg.com/vi/wq7nAQAEQXM/default.jpg
Babyface Ray - Get Racks,7TaqFX0rPZs,66236,https://i.ytimg.com/vi/7TaqFX0rPZs/default.jpg
Babyface Ray x Los x Nutty - Kick It Off,jfcgb3fF4BY,13551,https://i.ytimg.com/vi/jfcgb3fF4BY/default.jpg
pierre bourne - its over (HQ REMASTER),oy85WFJ_ur8,63171,https://i.ytimg.com/vi/oy85WFJ_ur8/default.jpg
pierre bourne - king of hearts *HQ REMASTER*,aClqpg61JS4,63852,https://i.ytimg.com/vi/aClqpg61JS4/default.jpg
Pi‚Äôerre Bourne - Telling Lies [prod. Richboydior],mfXRVIxKUYY,66434,https://i.ytimg.com/vi/mfXRVIxKUYY/default.jpg
Pierre Bourne - Eater/Wasted My Time (Remaster),27amWbdLdgQ,8897,https://i.ytimg.com/vi/27amWbdLdgQ/default.jpg
Steve Lacy - Donchano,MbNRllY3bTE,397061,https://i.ytimg.com/vi/MbNRllY3bTE/default.jpg
Steve Lacy - atomic vomit (blone),4OHKT2uA6RQ,18401,https://i.ytimg.com/vi/4OHKT2uA6RQ/default.jpg
Southside Feat. Playboi Carti - Ain't Doin That (Official Music Video),ZJ5JsriJ9nI,3702004,https://i.ytimg.com/vi/ZJ5JsriJ9nI/default.jpg
High & Antisocial,NOcOp6lrTW0,77658,https://i.ytimg.com/vi/NOcOp6lrTW0/default.jpg
Halo Unreleased Tracks  - In The Club,Vd2iN4ADLOE,1520,https://i.ytimg.com/vi/Vd2iN4ADLOE/default.jpg
Azealia Banks - Blossom,vxDIpG5y6DI,11933,https://i.ytimg.com/vi/vxDIpG5y6DI/default.jpg
Salute - Azealia Banks,dBlJ4YeqIis,97253,https://i.ytimg.com/vi/dBlJ4YeqIis/default.jpg
Azealia Banks - Exquisite,a6IFyJfhMMI,171634,https://i.ytimg.com/vi/a6IFyJfhMMI/default.jpg
"""No Goodbyes"" - Backstreet Boys [I Want It That Way Demo Remix]",zgTF05kSk8g,202901,https://i.ytimg.com/vi/zgTF05kSk8g/default.jpg
"""Don't Leave Me"" - Backstreet Boys",yl6o1vbEuCo,306208,https://i.ytimg.com/vi/yl6o1vbEuCo/default.jpg
"Jennifer Paige ft. Nick Carter - ""Beautiful Lie"" + Lyrics",2xAo_ybQv6I,1251821,https://i.ytimg.com/vi/2xAo_ybQv6I/default.jpg
"""Unmistakable"" - Backstreet Boys",XtQ7pbnryS8,9833,https://i.ytimg.com/vi/XtQ7pbnryS8/default.jpg
"""Something That I Already Know"" - Backstreet Boys",h-74hIRwmJ4,9234,https://i.ytimg.com/vi/h-74hIRwmJ4/default.jpg
Owl City - Shy Violet,sDY-3LP7AqQ,725262,https://i.ytimg.com/vi/sDY-3LP7AqQ/default.jpg
Ridiculously Happy - Adam Young,baSqiNJHnqU,164789,https://i.ytimg.com/vi/baSqiNJHnqU/default.jpg
Owl City - Listen to What the Man Said,-AHIVZo4HgI,78557,https://i.ytimg.com/vi/-AHIVZo4HgI/default.jpg
Owl City & Lynz - Trust Me,abJQEX67YnA,76062,https://i.ytimg.com/vi/abJQEX67YnA/default.jpg
The Hostage - Your Choice (Custom Ingame Mix) | Detroit: Become Human Unreleased OST,L4WNo1q3M30,392104,https://i.ytimg.com/vi/L4WNo1q3M30/default.jpg
Shades of Colour - Intro | Detroit: Become Human Unreleased OST,euu9amO7DYA,45477,https://i.ytimg.com/vi/euu9amO7DYA/default.jpg
Stormy Night - Escaping | Detroit: Become Human Unreleased OST,ObPt8k6tIfQ,35096,https://i.ytimg.com/vi/ObPt8k6tIfQ/default.jpg
On The Run - Chase / Run With Me (Full Mix) | Detroit: Become Human Unreleased OST,dYJg5JRy-yY,1986125,https://i.ytimg.com/vi/dYJg5JRy-yY/default.jpg
The Nest - Rupert Caught | Detroit: Become Human Unreleased OST,1sqXmloDB5w,27113,https://i.ytimg.com/vi/1sqXmloDB5w/default.jpg
Spare Parts - Truck Stolen | Detroit: Become Human Unreleased OST,eTuhf-tlf1E,13497,https://i.ytimg.com/vi/eTuhf-tlf1E/default.jpg
"Wolf's Rain HD - Unreleased Track - ""Blood and Fangs""",tcqQIPmcR9A,11247,https://i.ytimg.com/vi/tcqQIPmcR9A/default.jpg
FIDLAR - Red Right Hand,Q5VaPQE16lE,88169,https://i.ytimg.com/vi/Q5VaPQE16lE/default.jpg
FIDLAR - Have A Cigar (feat. Dr. Dre & AM),ClRJq58TObA,258901,https://i.ytimg.com/vi/ClRJq58TObA/default.jpg
Fidlar - Got No Money ( SIngle ),6gxRs-b9hPc,470015,https://i.ytimg.com/vi/6gxRs-b9hPc/default.jpg
Beyonce-Control(new song 2010),zf7nh3kUAgs,6723357,https://i.ytimg.com/vi/zf7nh3kUAgs/default.jpg
The Last of Us Part II Unreleased OST - The Overlook,9Y6Z20zwi8k,12892,https://i.ytimg.com/vi/9Y6Z20zwi8k/default.jpg
The Last of Us Part II Unreleased OST - Infiltration,l0lAbKyY_PU,13287,https://i.ytimg.com/vi/l0lAbKyY_PU/default.jpg
The Last of Us Part II Unreleased OST - Tracking Lesson,qU8CMZgFEL4,13459,https://i.ytimg.com/vi/qU8CMZgFEL4/default.jpg
The Last of Us Part II Unreleased OST - Hostile Territory,KzYNaNMTPPw,33033,https://i.ytimg.com/vi/KzYNaNMTPPw/default.jpg
The Last of Us Part II Unreleased OST - The Forest,VyxWKzEDCI0,15828,https://i.ytimg.com/vi/VyxWKzEDCI0/default.jpg
The Last of Us Part II Unreleased OST - Return to the coast,3YBvTvwV92U,5133,https://i.ytimg.com/vi/3YBvTvwV92U/default.jpg
The Last of Us Part II Unreleased OST - The Beach,Ep6eB4X35VU,45167,https://i.ytimg.com/vi/Ep6eB4X35VU/default.jpg
NAV - Beside Me Full Thing No Snippet!,p5Me1AM6xwM,119031,https://i.ytimg.com/vi/p5Me1AM6xwM/default.jpg
Isaiah Rashad - Runnin' ft. ScHoolboy Q,RLecv6aZiEk,4627793,https://i.ytimg.com/vi/RLecv6aZiEk/default.jpg
Isaiah Rashad - Junkies Interlude (Unreleased),ejs63ySWLZw,179936,https://i.ytimg.com/vi/ejs63ySWLZw/default.jpg
Isaiah Rashad - Donuts (feat. UMI) [OG],ts5M8YnydsE,68050,https://i.ytimg.com/vi/ts5M8YnydsE/default.jpg
Isaiah Rashad - Vomit (feat. KEY!) [prod. Kenny Beats],DYuvCJIODtk,58690,https://i.ytimg.com/vi/DYuvCJIODtk/default.jpg
Sublime - Had A Dat,H-MQR96m4Yk,1241008,https://i.ytimg.com/vi/H-MQR96m4Yk/default.jpg
Childish Gambino - The Last - Lyrics,roXA5odFjdk,355829,https://i.ytimg.com/vi/roXA5odFjdk/default.jpg
Childish Gambino - Royalty (Full Mixtape Album),tHhuN6Dq3p0,5302659,https://i.ytimg.com/vi/tHhuN6Dq3p0/default.jpg
CHILDISH GAMBINO-  UNRELEASED FULL MIXTAPE,_bFqE7ezDso,2150,https://i.ytimg.com/vi/_bFqE7ezDso/default.jpg
Childish Gambino - We Ain't Them (DatPiff Classic),Nz3Z--h8fUk,7581,https://i.ytimg.com/vi/Nz3Z--h8fUk/default.jpg
Childish Gambino - One Up (ft. Steve G. Lover) (DatPiff Classic),gKa4MD-NRQI,10454,https://i.ytimg.com/vi/gKa4MD-NRQI/default.jpg
Childish Gambino - Black Faces (ft. Nipsey Hussle) (DatPiff Classic),L7Ixl_YGNYg,80327,https://i.ytimg.com/vi/L7Ixl_YGNYg/default.jpg
Childish Gambino - Unnecessary (ft. Schoolboy Q and Ab-Soul) (DatPiff Classic),H_apiDlSs_0,32217,https://i.ytimg.com/vi/H_apiDlSs_0/default.jpg
Childish Gambino - Shoulda Known (DatPiff Classic),jolkdFcvnwg,15389,https://i.ytimg.com/vi/jolkdFcvnwg/default.jpg
Childish Gambino - R.I.P. (ft. Bun B) (DatPiff Classic),AkuEhlj_hHE,26444,https://i.ytimg.com/vi/AkuEhlj_hHE/default.jpg
Childish Gambino - They Don't Like Me (ft. Chance the Rapper) (DatPiff Classic),79C_HLTpLvA,6961,https://i.ytimg.com/vi/79C_HLTpLvA/default.jpg
Childish Gambino - Bronchitis (DatPiff Classic),m-u6Lm4tFho,4916,https://i.ytimg.com/vi/m-u6Lm4tFho/default.jpg
Childish Gambino - Make It Go Right (ft. Kilo Kish) (DatPiff Classic),B4F95zWdsSE,7077,https://i.ytimg.com/vi/B4F95zWdsSE/default.jpg
Bj√∂rk - Downtown,72P0cxA7ids,33186,https://i.ytimg.com/vi/72P0cxA7ids/default.jpg
Total Overdose 2: Tequila Gunrise - Gameplay footage [Cancelled Game],bjVP5wb3G0I,230569,https://i.ytimg.com/vi/bjVP5wb3G0I/default.jpg
"Behind the Scenes - Uncharted: Drake's Fortune [Early Prototype, Motion Capture and Making of]",Kj9r32xM7IQ,187527,https://i.ytimg.com/vi/Kj9r32xM7IQ/default.jpg
Uncharted 1 - E3 2006 Reveal [First Trailer],MLEWcoaHbMw,95793,https://i.ytimg.com/vi/MLEWcoaHbMw/default.jpg
Portal 2 - Beta and Cut Content,tjfezTlnyq8,78935,https://i.ytimg.com/vi/tjfezTlnyq8/default.jpg
Drake Do It Now w/lyrics (HD add &fmt=18 in url),pNZSXJlL7Zs,309408,https://i.ytimg.com/vi/pNZSXJlL7Zs/default.jpg
On My Way - Drake ft. James Fauntleroy,-_5rd8vhQUA,195914,https://i.ytimg.com/vi/-_5rd8vhQUA/default.jpg
Drake ft Robin Thicke -  Teach you a lesson,1ffKLHWcb1c,356378,https://i.ytimg.com/vi/1ffKLHWcb1c/default.jpg
Children of the Corn-Give up the game,o0owZ1fKoBA,46542,https://i.ytimg.com/vi/o0owZ1fKoBA/default.jpg
Dizzy (Lyrics) Takee Alif,hKE5tNUr_GU,241238,https://i.ytimg.com/vi/hKE5tNUr_GU/default.jpg
Taylor Swift - American Girl (Tom Petty cover) New single 2009,x_ml9Jab2gk,843739,https://i.ytimg.com/vi/x_ml9Jab2gk/default.jpg
"""Tick Tock"" starring Ciara",WjCNJoD-mZE,44579,https://i.ytimg.com/vi/WjCNJoD-mZE/default.jpg
Ciara - Gifted (Audio) - Basic Instinct: Alternate Edition,Zc-kj7LhxJ0,12850,https://i.ytimg.com/vi/Zc-kj7LhxJ0/default.jpg
Ciara - Love's Funny,K4-Yennq7j0,261285,https://i.ytimg.com/vi/K4-Yennq7j0/default.jpg
"Ciara - Wake Up, Turn Up ft. Future",XPWRSaYp3rs,807764,https://i.ytimg.com/vi/XPWRSaYp3rs/default.jpg
"Bout a Dolla (feat. Chuck Inglish, Chance the Rapper, Chip tha Ripper & Twista)",28v7v3Ehvmc,17148,https://i.ytimg.com/vi/28v7v3Ehvmc/default.jpg
Threedom NOT 'TAP DANCE' feat. Chance The Rapper,9jjYR4TPnNM,119045,https://i.ytimg.com/vi/9jjYR4TPnNM/default.jpg
Cyberpunk 2077 OST: Rayfield Hijack (Street kid prologue theme),Bzoc3BJBiFU,11853,https://i.ytimg.com/vi/Bzoc3BJBiFU/default.jpg
2Pac - Nothing To Lose (OG) (Version II),Pf5Zt3lJbXA,723753,https://i.ytimg.com/vi/Pf5Zt3lJbXA/default.jpg
"(official) ""CUM"" remix ft. SOPHIE",NvsvBL7b8Dg,698303,https://i.ytimg.com/vi/NvsvBL7b8Dg/default.jpg
SOPHIE - GOOD THING GOING ON (Lyric Video),Hs3A7G3C_SI,208103,https://i.ytimg.com/vi/Hs3A7G3C_SI/default.jpg
Lady Gaga Again Again (Live At The Knitting Factory) [Partial],lkNyVurzJbY,14068,https://i.ytimg.com/vi/lkNyVurzJbY/default.jpg
Lady Gaga Dirty Ice Cream At Lollapalooza,G5expH5TF6Y,12823,https://i.ytimg.com/vi/G5expH5TF6Y/default.jpg
Lady Gaga - Fooled Me Again (Live at KIIS FM),SnWCu1ZI7ug,4630,https://i.ytimg.com/vi/SnWCu1ZI7ug/default.jpg
"Pigions (feat. Tyler, The Creator)",ivP1fatfW6A,1335866,https://i.ytimg.com/vi/ivP1fatfW6A/default.jpg
Ed Sheeran ft. Ariana Grande - No Love for the Lonely (Lyrics Video),jtrk6RmdhR4,863244,https://i.ytimg.com/vi/jtrk6RmdhR4/default.jpg
ùêåùêöùêú ùêåùê¢ùê•ùê•ùêûùê´ ùêüùê≠ ùêÄùê´ùê¢ùêöùêßùêö ùêÜùê´ùêöùêßùêùùêû - ùêìùêöùê•ùê§ ùêìùê® ùêåùêû ùê¨ùêÆùêõ ùêûùê¨ùê©ùêöùêßÃÉùê®ùê•,8mP8h6623Xg,255476,https://i.ytimg.com/vi/8mP8h6623Xg/default.jpg
"BROCKHAMPTON - READY FOR WAR (unreleased, louder, better quality)",RHn_6j4h6Lo,116370,https://i.ytimg.com/vi/RHn_6j4h6Lo/default.jpg
BROCKHAMPTON - SLOWBURN (CDQ SNIPPET),oOB-z3tlJS0,69973,https://i.ytimg.com/vi/oOB-z3tlJS0/default.jpg
WINTERTIME - BROCKHAMPTON (demo),E6WRSufnsjY,16070,https://i.ytimg.com/vi/E6WRSufnsjY/default.jpg
Poison (New Unreleased Song) - Beyonce,KSJa6hkArH0,18429,https://i.ytimg.com/vi/KSJa6hkArH0/default.jpg
Beyonce - Forever To Bleed + Lyrics,0XxWbJpqjA4,629207,https://i.ytimg.com/vi/0XxWbJpqjA4/default.jpg
Beyonce-Baby You'reThe Only man(Unreleased 2010),98TDUL9E348,9677,https://i.ytimg.com/vi/98TDUL9E348/default.jpg
Beyonc√© - Wishing On A Star (Video),1jdrI_fFBHE,8595,https://i.ytimg.com/vi/1jdrI_fFBHE/default.jpg
Beyonc√© - Dreaming (Unreleased Song),qoBWvml0b7A,3466,https://i.ytimg.com/vi/qoBWvml0b7A/default.jpg
ùëñùëõùë°ùëú ùëñùë° - ùëê‚Ñéùëéùë†ùëí ùëéùë°ùëôùëéùëõùë°ùëñùëê ùëôùëñùë£ùëí,IvuArc4vI4E,248529,https://i.ytimg.com/vi/IvuArc4vI4E/default.jpg
ùòæùôÉùòºùôéùôÄ ùòºùôèùôáùòºùôâùôèùôÑùòæ - ùôãùòºùôçùòºùôâùôäùôÑùòø (ùôÅùôêùôáùôá ùôëùôÄùôçùôéùôÑùôäùôâ) [ùôíùôÑùôèùôÉ ùòøùôÄùôáùôÄùôèùôÄùòø ùôãùòºùôçùôè],ELWoyB1wyEA,3486,https://i.ytimg.com/vi/ELWoyB1wyEA/default.jpg
glaive - dial tone (lyric video),wnC9XNnMAe0,139204,https://i.ytimg.com/vi/wnC9XNnMAe0/default.jpg
glaive - force of habit (rare),LKsqaavtRJs,19261,https://i.ytimg.com/vi/LKsqaavtRJs/default.jpg
glaive-petrolman (p. shlaks),ABd1Ayij6Uw,11198,https://i.ytimg.com/vi/ABd1Ayij6Uw/default.jpg
Glaive - Grapes (Unreleased),RjHmfzQMvtQ,5035,https://i.ytimg.com/vi/RjHmfzQMvtQ/default.jpg
glaive - girl i met (unreleased) [V3] LYRICS,5w7oPPM_tmI,20355,https://i.ytimg.com/vi/5w7oPPM_tmI/default.jpg
LüëÄk üÖ∞Ô∏èt hüÖæÔ∏èw üÖæÔ∏èld DüÖæÔ∏ènKing is nüÖæÔ∏èw #DonKingüë¥üèø,VTBzjElGMz8,170,https://i.ytimg.com/vi/VTBzjElGMz8/default.jpg
Mac Miller So Gone (Sour Hour),qYQIODYqipM,424535,https://i.ytimg.com/vi/qYQIODYqipM/default.jpg
Boaz ft. Mac Miller & Josh Everette - Around The World (Official Music Video),nxWU-MSr54o,2185468,https://i.ytimg.com/vi/nxWU-MSr54o/default.jpg
The Ill Spoken - How Sick Am I,n_ueRAKR9IA,21773,https://i.ytimg.com/vi/n_ueRAKR9IA/default.jpg
The Ill Spoken - Do It Again,b53f9zwp8Dg,17493,https://i.ytimg.com/vi/b53f9zwp8Dg/default.jpg
The Ill Spoken - Bring It On (feat. Wild Bill),p2tHSXc6v44,19085,https://i.ytimg.com/vi/p2tHSXc6v44/default.jpg
The Ill Spoken - Whatup Dilla,S4dQ-EMfly8,10431,https://i.ytimg.com/vi/S4dQ-EMfly8/default.jpg
The Ill Spoken - What It Is (feat. Franchise),3p8dOMG-rtI,11220,https://i.ytimg.com/vi/3p8dOMG-rtI/default.jpg
The Ill Spoken - The Hold Up,wm3xz10nb20,10658,https://i.ytimg.com/vi/wm3xz10nb20/default.jpg
The Ill Spoken - The Real,RWlOidK9QpY,10365,https://i.ytimg.com/vi/RWlOidK9QpY/default.jpg
The Ill Spoken - Like Aaay!,1TFGLqhWK-Y,8773,https://i.ytimg.com/vi/1TFGLqhWK-Y/default.jpg
The Ill Spoken - Know Bout That,ccDGq4oBGTM,7773,https://i.ytimg.com/vi/ccDGq4oBGTM/default.jpg
The Ill Spoken - The Ill Children (feat. Lip Th),3CYAhxq5B_g,8152,https://i.ytimg.com/vi/3CYAhxq5B_g/default.jpg
The Ill Spoken - Aint't I Freestyle (feat. Big W),A9uWrzKsxho,7216,https://i.ytimg.com/vi/A9uWrzKsxho/default.jpg
The Ill Spoken - The Outro,oxTqnK6RAc0,7620,https://i.ytimg.com/vi/oxTqnK6RAc0/default.jpg
"Statik Selektah - 21 & Over (Explicit) ft. Mac Miller, Sean Price",BgQeAKkegOg,1351320,https://i.ytimg.com/vi/BgQeAKkegOg/default.jpg
Carnage - Learn How To Watch ft. Mac Miller & MadeinTYO (Directed by Cole Bennett),aJrCQypP4a0,12677154,https://i.ytimg.com/vi/aJrCQypP4a0/default.jpg
Ty Dolla $ign - On A Sack [Unreleased],tzwT9kfQ0V4,2082,https://i.ytimg.com/vi/tzwT9kfQ0V4/default.jpg
Luther Vandross - Endless Love (Official HD Video),nScV1qu-MZQ,34122037,https://i.ytimg.com/vi/nScV1qu-MZQ/default.jpg
Imperfect - Mariah Carey (Full Song),nEvCWF81F2E,270462,https://i.ytimg.com/vi/nEvCWF81F2E/default.jpg
Eminem - The Warning (Mariah Carey Diss),kzHnNPLWsDQ,22829240,https://i.ytimg.com/vi/kzHnNPLWsDQ/default.jpg
Eminem - Nail in the Coffin (Lyrics),gF1A1VcRyRg,6076644,https://i.ytimg.com/vi/gF1A1VcRyRg/default.jpg
Eminem - Celebrity (Ft. Lloyd Banks & Akon) (2010) (HQ),eVCSgBM6Mu0,678427,https://i.ytimg.com/vi/eVCSgBM6Mu0/default.jpg
Closer - Camila Cabello feat. The Chainsmokers,oCvhPlVB2HM,147552,https://i.ytimg.com/vi/oCvhPlVB2HM/default.jpg
Leave For Good - Camila Cabello ll Traducida,LwamuxDbSzs,76851,https://i.ytimg.com/vi/LwamuxDbSzs/default.jpg
Camila Cabello | U Shaped Space (Lyrics),cpeG5j6tssM,206971,https://i.ytimg.com/vi/cpeG5j6tssM/default.jpg
Unforgettable - Camila Cabello [Unreleased] (Lyrics),X4y9AB9OkC4,200777,https://i.ytimg.com/vi/X4y9AB9OkC4/default.jpg
Camila Cabello - Cleopatra (Tradu√ß√£o | Legendado),pKoeAX8NQDI,270020,https://i.ytimg.com/vi/pKoeAX8NQDI/default.jpg
Camila Cabello - SCAR TISSUE (lyrics),9ggM3Rftgww,575492,https://i.ytimg.com/vi/9ggM3Rftgww/default.jpg
Camila Cabello & Major Lazer ¬†‚ÄúCarry My Heart‚Äù / Pr√©via,4zWEiFYsvoI,10018,https://i.ytimg.com/vi/4zWEiFYsvoI/default.jpg
Camila Cabello & Pharrel Williams - Come When I Call (Unreleased) Lyrics,ODqv1j5e4t4,66756,https://i.ytimg.com/vi/ODqv1j5e4t4/default.jpg
Terrified - Camila Cabello (Tradu√ß√£o/Legendado),5MFDUYEC-ao,372297,https://i.ytimg.com/vi/5MFDUYEC-ao/default.jpg
Camila Cabello - Died (Tradu√ß√£o),ZHqIs4AQX3g,15904,https://i.ytimg.com/vi/ZHqIs4AQX3g/default.jpg
Try Tonigth - Lana del rey,jRFMZpLWzCM,366314,https://i.ytimg.com/vi/jRFMZpLWzCM/default.jpg
Kid Cudi - Darkness Be Rising,yP4UVmIpfNg,4080878,https://i.ytimg.com/vi/yP4UVmIpfNg/default.jpg
Make Her Go - Kid Cudi ft Drake Ludacris,ipiwK3n-lpU,39152,https://i.ytimg.com/vi/ipiwK3n-lpU/default.jpg
Scotty Apex - MUD (New Audio),VxPm0fynDA0,2867,https://i.ytimg.com/vi/VxPm0fynDA0/default.jpg
Hollywood Undead - Sell Your Soul [Lyrics Video] [OLD VERSION],dVhfddnjOEM,215544,https://i.ytimg.com/vi/dVhfddnjOEM/default.jpg
Hollywood Undead - My Black Dahlia [Lyrics Video] [OLD VERSION],8AK3Ey4zsQ0,173683,https://i.ytimg.com/vi/8AK3Ey4zsQ0/default.jpg
Hollywood Undead - Tear It Up [Lyrics],_FqKfVKiJjY,955596,https://i.ytimg.com/vi/_FqKfVKiJjY/default.jpg
Hollywood Undead - The Diary [Lyrics],j7bPePvGnJw,3186973,https://i.ytimg.com/vi/j7bPePvGnJw/default.jpg
Move With Me Slowly - Def Leppard,di07m5IiAiE,182557,https://i.ytimg.com/vi/di07m5IiAiE/default.jpg
Ride Into the Sun (Hysteria Era Re-Recording),LmY30O5mVnQ,12864,https://i.ytimg.com/vi/LmY30O5mVnQ/default.jpg
God of War Ragnarok Unreleased Soundtrack | Fenrir's death,800Px-5YOC4,86496,https://i.ytimg.com/vi/800Px-5YOC4/default.jpg
Stages of Emotions - Tory Lanez (Unreleased),Edek0OUa8fQ,42025,https://i.ytimg.com/vi/Edek0OUa8fQ/default.jpg
Tory Lanez  - Helping Hand [Leaked],xcw1MaZuVW8,50103,https://i.ytimg.com/vi/xcw1MaZuVW8/default.jpg
Do You Remember - Tory Lanez x Davo (Unreleased),lWhfjxYHxEA,19232,https://i.ytimg.com/vi/lWhfjxYHxEA/default.jpg
Perfect Time - Tory Lanez (Unreleased),DJ4SONfJ7BQ,35895,https://i.ytimg.com/vi/DJ4SONfJ7BQ/default.jpg
NAV - One More Bean (Audio),h_4NwvvDQkc,7488,https://i.ytimg.com/vi/h_4NwvvDQkc/default.jpg
Dua Lipa - Wicked & Wild (Traducida al espa√±ol),XZJV9dRL4I8,7030,https://i.ytimg.com/vi/XZJV9dRL4I8/default.jpg
Dua Lipa - Last Dance (Official Video),lwZqbQL4H4Q,135205410,https://i.ytimg.com/vi/lwZqbQL4H4Q/default.jpg
Dua Lipa - Last Dance [Trader Gold Remix] (Official Audio),I4ustb26wMk,1739561,https://i.ytimg.com/vi/I4ustb26wMk/default.jpg
Jeff Buckley - I Know We Could Be So Happy Baby (Rendition),l7kf3CCfOgs,66084,https://i.ytimg.com/vi/l7kf3CCfOgs/default.jpg
Alice In Chains - Social Parasite,F_pk-ZPlR_8,461620,https://i.ytimg.com/vi/F_pk-ZPlR_8/default.jpg
Nas- The World Is Yours Remix (Vibesman Prod.),59MY6jQbm9k,271017,https://i.ytimg.com/vi/59MY6jQbm9k/default.jpg
Tory Lanez  - Fatality [Leaked],ybHKTaQP0Cw,30524,https://i.ytimg.com/vi/ybHKTaQP0Cw/default.jpg
Tory Lanez - Shot My Heart | The Transporter Refueled [Chase Scene],dXcTPvYd70I,4993,https://i.ytimg.com/vi/dXcTPvYd70I/default.jpg
The Star Room - Mac Miller {432hz},KPa1sniA1NU,35006,https://i.ytimg.com/vi/KPa1sniA1NU/default.jpg
Earl Sweatshirt - Nebraska (ft. Mac Miller & Vince Staples)  - Lyrics,qso85PkjnmU,144202,https://i.ytimg.com/vi/qso85PkjnmU/default.jpg
Spacewrld - Mac Miller (New State Of Mind),uE-16a1axn0,34735,https://i.ytimg.com/vi/uE-16a1axn0/default.jpg
LOST TOO MANY (feat. 999bench) (Remix),neBhYn4gP-4,13327,https://i.ytimg.com/vi/neBhYn4gP-4/default.jpg
Heather's Ladder,s_c3AHNiZYY,6067,https://i.ytimg.com/vi/s_c3AHNiZYY/default.jpg
Atrocious Scenery,GwErksGxwkU,3389,https://i.ytimg.com/vi/GwErksGxwkU/default.jpg
One's Weaker Self,imkuoEQzVG0,3806,https://i.ytimg.com/vi/imkuoEQzVG0/default.jpg
Patchwork Heaven,qfktNYZfBdI,3403,https://i.ytimg.com/vi/qfktNYZfBdI/default.jpg
Tinashe - Something To Feel,1RESQPny20c,126080,https://i.ytimg.com/vi/1RESQPny20c/default.jpg
Tinashe - Perfect Timin',qpOPhwkrZdA,17557,https://i.ytimg.com/vi/qpOPhwkrZdA/default.jpg
Tinashe - The Way I Felt Before (333 Sessions),Yu8e7qZ7TCs,19231,https://i.ytimg.com/vi/Yu8e7qZ7TCs/default.jpg
Tinashe - (Un)Lucky (333 Sessions),hwKTdMcOfJ0,2998,https://i.ytimg.com/vi/hwKTdMcOfJ0/default.jpg
Tinashe - Long Gone (333 Sessions),Xir1fpsfDH8,7438,https://i.ytimg.com/vi/Xir1fpsfDH8/default.jpg
Tinashe - Buzzing (333 Sessions),QGFMajdrvDY,4976,https://i.ytimg.com/vi/QGFMajdrvDY/default.jpg
Tinashe - Love Crazy (333 Sessions),hGVSYxQtW7s,9957,https://i.ytimg.com/vi/hGVSYxQtW7s/default.jpg
Tinashe - Last Call [Strings Ref] (Unmastered Demo Version),sQS3lVx3kCw,687,https://i.ytimg.com/vi/sQS3lVx3kCw/default.jpg
99 Problems (Official Audio),id67GgxK_fM,7080,https://i.ytimg.com/vi/id67GgxK_fM/default.jpg
Russ - Psycho Pt. 2 Acoustic (Unreleased),ZQgconyZiYU,7365,https://i.ytimg.com/vi/ZQgconyZiYU/default.jpg
Russ - Don't You Wanna (Unreleased),TAOf2PfV2UI,12596,https://i.ytimg.com/vi/TAOf2PfV2UI/default.jpg
Russ - How Long (Unreleased),K7n4u1Giihs,38327,https://i.ytimg.com/vi/K7n4u1Giihs/default.jpg
Russ - Let Me Down (Unreleased),nbawWwZg_WU,20174,https://i.ytimg.com/vi/nbawWwZg_WU/default.jpg
All I Need (feat. K Kamp),sL35NuwIW8w,625866,https://i.ytimg.com/vi/sL35NuwIW8w/default.jpg
Lana del Rey - Wait (Lyrics),_xpmaY1u1ns,477,https://i.ytimg.com/vi/_xpmaY1u1ns/default.jpg
Find My Own Way - Lana Del Rey (Subtitulada al espa√±ol),hjoLBhFXnF8,11029,https://i.ytimg.com/vi/hjoLBhFXnF8/default.jpg
Rylo Rodriguez - Jail Machine (Unreleased),Qwk3zgUZ0xQ,114791,https://i.ytimg.com/vi/Qwk3zgUZ0xQ/default.jpg
Cold - Juice Wrld (Prod. Red Limits) Lyric Video,H0XC2-g_a1k,289319,https://i.ytimg.com/vi/H0XC2-g_a1k/default.jpg
Brendon Urie - First Try,8-_ax-R2ehs,247871,https://i.ytimg.com/vi/8-_ax-R2ehs/default.jpg
panic! at the disco - turn off the lights // lyrics,FmkVOC8CP-g,1565255,https://i.ytimg.com/vi/FmkVOC8CP-g/default.jpg
‚ÄúTurn It Back Around‚Äù [UNRELEASED SONG] Lyrics // Panic! At The Disco,WiJR5IkAXbQ,7235,https://i.ytimg.com/vi/WiJR5IkAXbQ/default.jpg
Dillon Francis - Love in the Middle of a Firefight (ft. Brendon Urie),ORm85o4OoKQ,1203345,https://i.ytimg.com/vi/ORm85o4OoKQ/default.jpg
The End and The Beginning Lyrics - Forgive Durden Ft. Brendon Urie and Greta Salpeter,CtBSdgmDeb4,29630,https://i.ytimg.com/vi/CtBSdgmDeb4/default.jpg
ManasMira & Machine Gun Kelly - Dirty Ft. Freshie,W9kfkU3O4qE,44119,https://i.ytimg.com/vi/W9kfkU3O4qE/default.jpg
The Most Wonderful Dad in the World - Doctor Who Unreleased Music,eN_z8UD3zq4,2919,https://i.ytimg.com/vi/eN_z8UD3zq4/default.jpg
Bad Wolf (The Doctor's Theme Variant) - Doctor Who Unreleased Music,t2BbvW5ZN10,9863,https://i.ytimg.com/vi/t2BbvW5ZN10/default.jpg
You Are The Weakest Link - Doctor Who Unreleased Music,biv9JevES9M,5834,https://i.ytimg.com/vi/biv9JevES9M/default.jpg
A Different Man (The Doctor's Theme Variant) - Doctor Who Unreleased Music,dOSDCy3LlwI,4964,https://i.ytimg.com/vi/dOSDCy3LlwI/default.jpg
Doomsday - Doctor Who Unreleased Broadcast Version,FUOyJuRIkmE,8899,https://i.ytimg.com/vi/FUOyJuRIkmE/default.jpg
The Doctor Triumphant (The Doctor Forever Variant) - Doctor Who Unreleased Music,KTFFbHQ_p0Y,16913,https://i.ytimg.com/vi/KTFFbHQ_p0Y/default.jpg
Doctor Who Series 4 Opening Theme - Unreleased Music,9r0Bpn8Qgoc,15297,https://i.ytimg.com/vi/9r0Bpn8Qgoc/default.jpg
Save Someone (Ft: The Doctor Forever Variant) - Doctor Who Unreleased Music,jpBRvkMYkTk,21811,https://i.ytimg.com/vi/jpBRvkMYkTk/default.jpg
Labor Camps  - Doctor Who Unreleased Music (Ft: The Rueful Fate of Donna Noble & The Doctor‚Äôs Theme),9YgLfadZ6OQ,6269,https://i.ytimg.com/vi/9YgLfadZ6OQ/default.jpg
Where Is He? (Seeking The Doctor Variant) - Doctor Who Unreleased Music,E--GDs-VKYw,3479,https://i.ytimg.com/vi/E--GDs-VKYw/default.jpg
"The End of Time Recap (All the Strange, Strange Creatures Variant) - Doctor Who Unreleased Music",teQ-bvdw-xk,14183,https://i.ytimg.com/vi/teQ-bvdw-xk/default.jpg
I'm Going to Get You Home (Ft: UNIT Variant) - Doctor Who Unreleased Music,zwn3QVsrndU,5442,https://i.ytimg.com/vi/zwn3QVsrndU/default.jpg
To The Keldysh/Distant Memories,wQs6T0loUNI,6611,https://i.ytimg.com/vi/wQs6T0loUNI/default.jpg
Lovejoy Chases Jack & Rose,x15YKjQTAfc,6324,https://i.ytimg.com/vi/x15YKjQTAfc/default.jpg
"NEW OLD VAN HALEN ""Forced Entry"" Pasadena High School  1975",WJIHu10sxlA,7707,https://i.ytimg.com/vi/WJIHu10sxlA/default.jpg
Lil Yachty - Give It All (Leak),_L9ez3jYKnE,6021,https://i.ytimg.com/vi/_L9ez3jYKnE/default.jpg
"Kiss me (Kiss pt.2) - Lil Peep [extended w/lyrics], WITHOUT FEATURE",7Tq6gO_A5m4,8978,https://i.ytimg.com/vi/7Tq6gO_A5m4/default.jpg
Ariana Grande - Let Me Touch (Unreleased),6OYAal5hyIA,85820,https://i.ytimg.com/vi/6OYAal5hyIA/default.jpg
Travis Scott - S.A.F.E (Millions) ft. Jeremih,qCLDdXlHMxM,168372,https://i.ytimg.com/vi/qCLDdXlHMxM/default.jpg
Tory Lanez - Whats Luv ft. Nyce,Q2EBNkREfJk,3029429,https://i.ytimg.com/vi/Q2EBNkREfJk/default.jpg
Tory Lanez - Bal Harbour ft. A$AP Ferg,Fprq-qWC7IY,443119,https://i.ytimg.com/vi/Fprq-qWC7IY/default.jpg
Tory Lanez - Tim Duncan (Prod. C-Sick),jxbYZRHwDXI,5840290,https://i.ytimg.com/vi/jxbYZRHwDXI/default.jpg
Tory Lanez - 1 Call,2yM_fOf4J7o,2843498,https://i.ytimg.com/vi/2yM_fOf4J7o/default.jpg
Tory Lanez - August 19th (Prod. Jahlil Beats),4DFrA8sJoCI,960817,https://i.ytimg.com/vi/4DFrA8sJoCI/default.jpg
Kanye West - Mercy (Mike Dean/Larry Hoover Version),wI1PaGjPX-g,52366,https://i.ytimg.com/vi/wI1PaGjPX-g/default.jpg
Kanye West - Full Beat Tape [1997] (Visuals),sFJO7unz0fc,26441,https://i.ytimg.com/vi/sFJO7unz0fc/default.jpg
Knnovation (Kino) -LONELY DEMO lyrics (HANGUL/ROMANIZATION/ENGLISH),x5OPhf3frYY,35060,https://i.ytimg.com/vi/x5OPhf3frYY/default.jpg
FOREST - twenty one pilots - lyrics,krKz4_GVbwg,7054,https://i.ytimg.com/vi/krKz4_GVbwg/default.jpg
GLOWING EYES - twenty one pilots - lyrics,fcPLnfxOFfU,70371,https://i.ytimg.com/vi/fcPLnfxOFfU/default.jpg
Hole In The Ground (Lyrics) - Tyler Joseph,wspVz-2YH4s,2584383,https://i.ytimg.com/vi/wspVz-2YH4s/default.jpg
Taken By Sleep (Lyrics) - Tyler Joseph,2hvitOG7FgY,3952416,https://i.ytimg.com/vi/2hvitOG7FgY/default.jpg
safe and sound x get lucky // twenty one pilots [lyrics] | Clifford Clouds,haRjpMvdGYw,263030,https://i.ytimg.com/vi/haRjpMvdGYw/default.jpg
Call of Duty 3 OST  (Unreleased) - You Got It Bueller!,Bdui9X0m9x8,2958,https://i.ytimg.com/vi/Bdui9X0m9x8/default.jpg
"Call of Duty 3 (Unreleased) - Allons y  Doyle, Lead On!",Wr4MshB6_rA,1572,https://i.ytimg.com/vi/Wr4MshB6_rA/default.jpg
Call of Duty 3 (Unreleased) - Planting The Charge Theme (No Heartbeat),Z5x7m0WE2OY,1383,https://i.ytimg.com/vi/Z5x7m0WE2OY/default.jpg
Call of Duty 3 (Unreleased) - Keep Rowing!,YkDkWb06zDU,1651,https://i.ytimg.com/vi/YkDkWb06zDU/default.jpg
Call of Duty 3 (Unreleased) - Invading The Island (Live Orchestra),jRrZn_ZwG0c,1333,https://i.ytimg.com/vi/jRrZn_ZwG0c/default.jpg
Call of Duty 3 (Unreleased) - Vera On The Run!,nahnn1hmI1g,951,https://i.ytimg.com/vi/nahnn1hmI1g/default.jpg
Call of Duty 3 (Unreleased) - Laison River Mortar Aftermath,hHm4dLsmky8,912,https://i.ytimg.com/vi/hHm4dLsmky8/default.jpg
Not Yet - Demi Lovato (2000s Unreleased Song),Uzz2uXw7zPo,956,https://i.ytimg.com/vi/Uzz2uXw7zPo/default.jpg
The Untold Chapter - Demi Lovato (Unreleased),7WF-KZfqw34,14300,https://i.ytimg.com/vi/7WF-KZfqw34/default.jpg
Demi Lovato - Why (New Song 2012 - PREVIEW),z3fgaQ93BsQ,11372,https://i.ytimg.com/vi/z3fgaQ93BsQ/default.jpg
Demi Lovato - Unreleased song Enemy Lines (?) (+Lyrics),zJsUxquWmls,12009,https://i.ytimg.com/vi/zJsUxquWmls/default.jpg
SELLIN WHITE (OG),VFqFRb06bMU,2478,https://i.ytimg.com/vi/VFqFRb06bMU/default.jpg
9th Wonder - Thats Love (ft. Mac Miller & Heather Victoria),ycG44eouJuI,167771,https://i.ytimg.com/vi/ycG44eouJuI/default.jpg
CHII WVTTZ - Jewels (feat. Set Da Trend & Stunner) [Unreleased],4wuCtDtLeg0,19673,https://i.ytimg.com/vi/4wuCtDtLeg0/default.jpg
Are U Ready (Verse - Lyrics) - Nicki Minaj & The HoodStars [Unreleased - 2004],rPttQUdDgGw,20377,https://i.ytimg.com/vi/rPttQUdDgGw/default.jpg
Nicki Minaj - Black Barbies (Lyric Video) Black Beatles Remix HD,LxYIqYBdTDY,2456099,https://i.ytimg.com/vi/LxYIqYBdTDY/default.jpg
Cement Garden - Arca,bMuEh3j9rtQ,3646,https://i.ytimg.com/vi/bMuEh3j9rtQ/default.jpg
Arca - Give Me The Gun,k07B_w7MGDs,16591,https://i.ytimg.com/vi/k07B_w7MGDs/default.jpg
147 Calboy & G herbo ‚ÄúNever Sleep‚Äù,9KEwnPyoYuo,39955,https://i.ytimg.com/vi/9KEwnPyoYuo/default.jpg
fallen 4 u - 100 gecs [LIVE AT TERMINAL 5 NYC],xsKqxkosml0,33728,https://i.ytimg.com/vi/xsKqxkosml0/default.jpg
Prince - 4 The Tears In Your Eyes (Official Music Video),wrV3QNdGyAI,589582,https://i.ytimg.com/vi/wrV3QNdGyAI/default.jpg
Prince & Mayte - A Million Days,1Rf1TFhjLfY,171707,https://i.ytimg.com/vi/1Rf1TFhjLfY/default.jpg
Prince - Count The Days,q5j7QsOiUSM,151495,https://i.ytimg.com/vi/q5j7QsOiUSM/default.jpg
Prince - Crimson and Clover,a4RPkoURwL8,1053150,https://i.ytimg.com/vi/a4RPkoURwL8/default.jpg
Ashnikko - Wallflower (prod. by Oriole) (Audio),ZxpPjiJHIrE,31935,https://i.ytimg.com/vi/ZxpPjiJHIrE/default.jpg
Oscar Scheller - Confidence (feat. Ashnikko),wStBUTCeBxU,23750,https://i.ytimg.com/vi/wStBUTCeBxU/default.jpg
Don Toliver -  Wild n Gnarly (intro),v-d5J6nTOlc,4509,https://i.ytimg.com/vi/v-d5J6nTOlc/default.jpg
Don Toliver- Screw It,4fH93XjNRtY,22582,https://i.ytimg.com/vi/4fH93XjNRtY/default.jpg
Don Toliver - Checks,CUhw2g1Teps,3090,https://i.ytimg.com/vi/CUhw2g1Teps/default.jpg
Don Toliver - Understood,UQ-FmNbPCII,1975,https://i.ytimg.com/vi/UQ-FmNbPCII/default.jpg
Don Toliver - Handle,TbYwcDyR9C0,56143,https://i.ytimg.com/vi/TbYwcDyR9C0/default.jpg
Alex G - Blew,W2ujg-ji_xE,38587,https://i.ytimg.com/vi/W2ujg-ji_xE/default.jpg
Lil Wayne - Dinnertime (Unreleased Tha Carter III leftover),TwVUJJ2_6lM,55767,https://i.ytimg.com/vi/TwVUJJ2_6lM/default.jpg
15 - Lil Wayne - Grown Man Unreleased Version,lCoeYk68Q0w,16935,https://i.ytimg.com/vi/lCoeYk68Q0w/default.jpg
Lil Wayne Ft. Richie Rich-Flow Retard *Unreleased Track*,PN4gEh_thRE,6042,https://i.ytimg.com/vi/PN4gEh_thRE/default.jpg
"Beethoven: Ah Perfido!, Op. 65 - ""Ah, Perfido!""",qv59xV9O49w,8308,https://i.ytimg.com/vi/qv59xV9O49w/default.jpg
Bruno Spoerri - Rollin,6sPWq12cP48,487,https://i.ytimg.com/vi/6sPWq12cP48/default.jpg
Bruno Spoerri - Coalburner's Delight,lMnajwuFpSQ,144,https://i.ytimg.com/vi/lMnajwuFpSQ/default.jpg
Bruno Spoerri - Paradise Garden,RtWltckyb2k,152,https://i.ytimg.com/vi/RtWltckyb2k/default.jpg
Britney Spears - 3 (Official HD Video),oTs6oQx1WJY,109722584,https://i.ytimg.com/vi/oTs6oQx1WJY/default.jpg
Mac Miller - Splash!,V5KvTUOU7pk,8213,https://i.ytimg.com/vi/V5KvTUOU7pk/default.jpg
Re-donating Mugs to Goodwill - Man Vs Goodwill,FxFwIeBpefo,529777,https://i.ytimg.com/vi/FxFwIeBpefo/default.jpg
Tyler Childers - Oneida,xBoQfiJEqj8,6903664,https://i.ytimg.com/vi/xBoQfiJEqj8/default.jpg
Melanie Martinez - F*ck The Club / Candy Store (New Unwatermarked Snippet),2wFOFglON1Q,2188,https://i.ytimg.com/vi/2wFOFglON1Q/default.jpg
Melanie Martinez - Barely Juice [Tradu√ß√£o],yIv6XLwswZU,11750,https://i.ytimg.com/vi/yIv6XLwswZU/default.jpg
Last Chapter (Never Stayed for Love),PYojyP9dtgE,26265,https://i.ytimg.com/vi/PYojyP9dtgE/default.jpg
Pieces - Melanie Martinez (Cover) (Lyrics),1jLzNe9AmDk,98030,https://i.ytimg.com/vi/1jLzNe9AmDk/default.jpg
5 Seconds of Summer - I Miss You (Blink 182 cover in the Live Lounge),FXr2uI7Gr40,372184,https://i.ytimg.com/vi/FXr2uI7Gr40/default.jpg
5 Seconds of Summer - Young Blood in the Live Lounge,VR4TJpFEFBE,1487099,https://i.ytimg.com/vi/VR4TJpFEFBE/default.jpg
"Jazmin Bean - After The Flight, My Past Self (B4 The Flight Part II) (Snippets)",p9AZOxlkEjY,1974,https://i.ytimg.com/vi/p9AZOxlkEjY/default.jpg
Digimon Data Squad Unreleased Soundtrack - Human Potential,PkFxu_wJ4xs,13732,https://i.ytimg.com/vi/PkFxu_wJ4xs/default.jpg
Shinedown - With A Little Help From My Friends Feat. Will Hoge Live From Kansas City ( Acoustic ),GeN4B_H30Uw,2108434,https://i.ytimg.com/vi/GeN4B_H30Uw/default.jpg
Shinedown - Second Chance (acapella),DEgP7Q02wrg,12523,https://i.ytimg.com/vi/DEgP7Q02wrg/default.jpg
Shinedown - The Past 10 Years,lyJcmVGItLo,82535,https://i.ytimg.com/vi/lyJcmVGItLo/default.jpg
Shinedown - Atlas Falls (Audio Teaser),N1-uI8tHc5o,183152,https://i.ytimg.com/vi/N1-uI8tHc5o/default.jpg
Tamino- Blue Jeans (Lana Del Rey Cover),LJ_hqyRsXP8,196227,https://i.ytimg.com/vi/LJ_hqyRsXP8/default.jpg
Mac Miller - So It Goes (prod. Larry Fisherman & Jon Brion),1vs_elIoIVw,68480,https://i.ytimg.com/vi/1vs_elIoIVw/default.jpg
Hollywood Dreams - Post Malone (Extended Version) (A Fleetwood Mac cover),hzrNKr7Y69A,2395418,https://i.ytimg.com/vi/hzrNKr7Y69A/default.jpg
The Kid LAROI - Buy You A Drank (Only One) (Lyrics) (Unreleased) | 2021,W2RoTCaXd44,32855,https://i.ytimg.com/vi/W2RoTCaXd44/default.jpg
Catbutt - Ha! We Get Paid For It (live - 1981),MzqVuVG3yr0,20,https://i.ytimg.com/vi/MzqVuVG3yr0/default.jpg
Drake - Hold On We're Going Home (Cover by OurR),D0CTrhQrhX0,852,https://i.ytimg.com/vi/D0CTrhQrhX0/default.jpg
Alec Benjamin- Use Me (Unreleased),vIPfKFNVLa4,2716424,https://i.ytimg.com/vi/vIPfKFNVLa4/default.jpg
Alec Benjamin   Her Broken Hearted Savior Live,JQP_Vxk9Y-s,12990,https://i.ytimg.com/vi/JQP_Vxk9Y-s/default.jpg
Labyrinth - Melanie Martinez | Sub Espa√±ol,8slCqT0JSpg,47796,https://i.ytimg.com/vi/8slCqT0JSpg/default.jpg
Melanie Martinez - Cooties [Official Audio],EiPD7y8djzY,14823,https://i.ytimg.com/vi/EiPD7y8djzY/default.jpg
Puzzles - Melanie Martinez | Sub Espa√±ol,o39sAQi3Ip4,24103,https://i.ytimg.com/vi/o39sAQi3Ip4/default.jpg
King Von - I Don‚Äôt Play Dat ( unreleased ),W2tVwvRPPpo,226611,https://i.ytimg.com/vi/W2tVwvRPPpo/default.jpg
King von~ let em know (unreleased) (best version),VvBM04Q_WyQ,62425,https://i.ytimg.com/vi/VvBM04Q_WyQ/default.jpg
PARTYNEXTDOOR - Pass The Blunt,qnhRMRRaZx4,26228,https://i.ytimg.com/vi/qnhRMRRaZx4/default.jpg
PARTYNEXTDOOR   Some Of Your Love Explicit,dC7SgZzyu_k,154048,https://i.ytimg.com/vi/dC7SgZzyu_k/default.jpg
King Louie - Cliqued Up Feat. PartyNextDoor,fBW4YLqGuIc,63071,https://i.ytimg.com/vi/fBW4YLqGuIc/default.jpg
"Lana Del Rey Eurock√©ennes 2012 ""Million Dollar Man""",NrftbP8k-3o,1056776,https://i.ytimg.com/vi/NrftbP8k-3o/default.jpg
Whistle - Ice Spice x Central Cee (Unreleased),GrZgm_yv9us,10939,https://i.ytimg.com/vi/GrZgm_yv9us/default.jpg
Logic - My Chain (Official Lyrics) - High Quality,7A_PSMNYsfM,18128,https://i.ytimg.com/vi/7A_PSMNYsfM/default.jpg
Immortal Flame Katy Perry (Audio),JKn_T6rs5oU,89981,https://i.ytimg.com/vi/JKn_T6rs5oU/default.jpg
From the Makers of Happy & Merry H&M presents Katy Perry,E71sKFD-spQ,8308442,https://i.ytimg.com/vi/E71sKFD-spQ/default.jpg
Oliver Tree - All I Got [Official Audio],56zwM5B2W_k,7075678,https://i.ytimg.com/vi/56zwM5B2W_k/default.jpg
"Life Goes On (With Rap Verse, FAN MADE)",d-owhbcQYkg,1380,https://i.ytimg.com/vi/d-owhbcQYkg/default.jpg
Oliver Tree - Welcome To LA [Official Audio],ogr3IpVhsBk,4390469,https://i.ytimg.com/vi/ogr3IpVhsBk/default.jpg
Juice WRLD - Don't Know How To Act (CDQ Remaster),G1xyICdhQpU,4449,https://i.ytimg.com/vi/G1xyICdhQpU/default.jpg
Kanye West - Hurricane [CASHMERE CAT] [YANDHI] [LEAK],elVGZuqmU20,12136,https://i.ytimg.com/vi/elVGZuqmU20/default.jpg
"Don‚Äôt Look Down (with Mos Def, Lupe Fiasco, & Big Sean)",wCNVUyEmf4g,10475,https://i.ytimg.com/vi/wCNVUyEmf4g/default.jpg
Kanye West - Shoot Up,6myN2g9X5wk,2789,https://i.ytimg.com/vi/6myN2g9X5wk/default.jpg
Melanie Martinez - Strawberry Fields Foreve (Official Audio),JzO41bBJYH0,268793,https://i.ytimg.com/vi/JzO41bBJYH0/default.jpg
Harry Styles - Without You,iIlo5VPnBdQ,645328,https://i.ytimg.com/vi/iIlo5VPnBdQ/default.jpg
Charlie Puth - Sick (Global Citizen),B6ke1ZLaJtI,37309,https://i.ytimg.com/vi/B6ke1ZLaJtI/default.jpg
Charlie Puth - Chandelier (Lyrics),ceojrTKRlzk,2548990,https://i.ytimg.com/vi/ceojrTKRlzk/default.jpg
Bones - WaitingHere (Unreleased),ZttQAX7Koyw,8138,https://i.ytimg.com/vi/ZttQAX7Koyw/default.jpg
Bones - IGaveYouEverything (UnreleasedSnippet),Oi405CdFJPg,3321,https://i.ytimg.com/vi/Oi405CdFJPg/default.jpg
The Good Natured - Can't Beat The Machines (Mary Jane Holland Demo),sjAr9_q6Okw,51849,https://i.ytimg.com/vi/sjAr9_q6Okw/default.jpg
You Gave Me Love - Fifth Harmony (Demo For Macy Kate) [Unreleased Song],uuItPqEay5M,7389,https://i.ytimg.com/vi/uuItPqEay5M/default.jpg
Fifth Harmony - No Boys Allowed (Color Coded Lyrics) | Harmonizzer Lyrics,FyGmgAanJeM,3833,https://i.ytimg.com/vi/FyGmgAanJeM/default.jpg
Childish Gambino - So Profound ft. Trinidad James (Full Song),vdmNT4eBmmI,2426,https://i.ytimg.com/vi/vdmNT4eBmmI/default.jpg
su…ê«ù≈ø s áu«ù…Ø«ù á«ùŒõ - ·¥â á…π…ê∆Ü ·¥âoq é…êl‘Ä ‚Öã  á…π«ùŒõ ·¥âz‚à© l·¥âÀ•,LQEd07u95qk,10613,https://i.ytimg.com/vi/LQEd07u95qk/default.jpg
Britney Spears - King of my Castle [Stems Solo Mix],hjZ6T2VLFL8,217050,https://i.ytimg.com/vi/hjZ6T2VLFL8/default.jpg
Panic! At The Disco - Stuck In The Middle Lyrics,X4mOhYmiuY4,27041,https://i.ytimg.com/vi/X4mOhYmiuY4/default.jpg
Britney Spears - I Feel So Free With You Feat. Pitbull & Marc Anthony (Audio Official),kmUqHbHZscs,29299,https://i.ytimg.com/vi/kmUqHbHZscs/default.jpg
Jazmin Bean - Winter Forever (Audio),AQsvmoFqedQ,4961,https://i.ytimg.com/vi/AQsvmoFqedQ/default.jpg
The Kid LAROI - Jodeci (Lyrics) [Unreleased Verse - LEAKED],B4oBDVyMC3o,17572,https://i.ytimg.com/vi/B4oBDVyMC3o/default.jpg
The Kid LAROI - Buy You A Drank (Only One) (Lyrics) [Unreleased - LEAKED],W2RoTCaXd44,37011,https://i.ytimg.com/vi/W2RoTCaXd44/default.jpg
Lana Del Rey - Dream Girl (with lyrics),vrs9lvbAyNw,191015,https://i.ytimg.com/vi/vrs9lvbAyNw/default.jpg
"Tyler Childers & The Food Stamps - Cuttin‚Äô Teeth (Grimeys album release) Nashville, TN 9/8/23",EQTHmF21se4,7834,https://i.ytimg.com/vi/EQTHmF21se4/default.jpg
Out On A Drunk/Honky Tonk Flame,rh1AOHpxGBo,408032,https://i.ytimg.com/vi/rh1AOHpxGBo/default.jpg
Lil baby - Hey (Unreleased) feat. Lil Durk,MvdJ2Af8-Yg,72757,https://i.ytimg.com/vi/MvdJ2Af8-Yg/default.jpg
Trace Cyrus - Shot in the Dark (Audio) ft. Miley Cyrus,P5oSIceWpvs,7020,https://i.ytimg.com/vi/P5oSIceWpvs/default.jpg
Miley Cyrus feat. Rae Sremmurd - Money Maker,VsuHF75hI40,14151,https://i.ytimg.com/vi/VsuHF75hI40/default.jpg
Miley Cyrus - Down For It (Unreleased Song),ENQSOXh7PSI,1654339,https://i.ytimg.com/vi/ENQSOXh7PSI/default.jpg
French Montana - Ain't Worried About Nothin feat. Miley Cyrus,nGUlEvsQv28,321056,https://i.ytimg.com/vi/nGUlEvsQv28/default.jpg
Surviving A Week at The Conjuring House PT 3: The Basement,jlzuDOAUId4,13087827,https://i.ytimg.com/vi/jlzuDOAUId4/default.jpg
02 - Casualidad (Asthetic V√≠deo) - Dazumba,iDqYDHUMti4,94,https://i.ytimg.com/vi/iDqYDHUMti4/default.jpg
G√ºzelliƒüin bedeli‚Ä¶ | rachel barber üíî,jlS4FF3uQ10,90323,https://i.ytimg.com/vi/jlS4FF3uQ10/default.jpg
Britney Spears - I Love Rock 'N' Roll (Frank Walker Remix Audio),gh0d8RTb18A,394473,https://i.ytimg.com/vi/gh0d8RTb18A/default.jpg
"Calvin Harris, Dua Lipa - One Kiss (Valentino Khan Remix) (Audio)",4KS0CTnxUXI,547189,https://i.ytimg.com/vi/4KS0CTnxUXI/default.jpg
King - She Don't Give A (Lyrics),JtUvKC4mcwI,7893,https://i.ytimg.com/vi/JtUvKC4mcwI/default.jpg
Tinashe - Rivalry,vYWof17wYu0,3506,https://i.ytimg.com/vi/vYWof17wYu0/default.jpg
"tinashe, quiet child - delilah [TRADU√á√ÉO/LEGENDADO]",pz5XNhPOevQ,128,https://i.ytimg.com/vi/pz5XNhPOevQ/default.jpg
tinashe - in the meantime [TRADU√á√ÉO/LEGENDADO],fH4rDXZ2KlE,183,https://i.ytimg.com/vi/fH4rDXZ2KlE/default.jpg
tinashe - can't say no  [TRADU√á√ÉO/LEGENDADO],Fi6_gndqxM4,225,https://i.ytimg.com/vi/Fi6_gndqxM4/default.jpg
tinashe - heavy [TRADU√á√ÉO/LEGENDADO],UybgecZ2DQY,480,https://i.ytimg.com/vi/UybgecZ2DQY/default.jpg
tinashe - fucking with me [TRADU√á√ÉO/LEGENDADO],560KCZ2rjKQ,59,https://i.ytimg.com/vi/560KCZ2rjKQ/default.jpg
tinashe & gryffin - scandalous [TRADU√á√ÉO/LEGENDADO],gUR3AQXO5Qc,614,https://i.ytimg.com/vi/gUR3AQXO5Qc/default.jpg
tinashe - the leap [TRADU√á√ÉO/LEGENDADO],CA5XXrV_GdE,382,https://i.ytimg.com/vi/CA5XXrV_GdE/default.jpg
"tinashe, kid ink - baby [TRADU√á√ÉO/LEGENDADO]",21EJyiAO-9M,115,https://i.ytimg.com/vi/21EJyiAO-9M/default.jpg
tinashe - leave it [TRADU√á√ÉO/LEGENDADO],D0pOvtQUBpY,221,https://i.ytimg.com/vi/D0pOvtQUBpY/default.jpg
tinashe - gold [TRADU√á√ÉO/LEGENDADO],Lf8gWKwHgRA,2183,https://i.ytimg.com/vi/Lf8gWKwHgRA/default.jpg
Destiny's Child - Heart,eHYwHjWuOAM,28275,https://i.ytimg.com/vi/eHYwHjWuOAM/default.jpg
Beyonc√© Knowles - Should Have (Now I Know),QUS1ZnoeZjg,69788,https://i.ytimg.com/vi/QUS1ZnoeZjg/default.jpg
Doja Cat - Need To Know but it's 2007,a8c4TksyyK8,1500720,https://i.ytimg.com/vi/a8c4TksyyK8/default.jpg
Miss Mulatto - Response Diss (Young Lyric Back2Back) [Prod. By @Blakkbeats],0g6KhLvyq4Q,18111045,https://i.ytimg.com/vi/0g6KhLvyq4Q/default.jpg
Juice WRLD - Morning Again (BEST VERSION) (Remastered by Potek),uzDbUlbHX-w,588618,https://i.ytimg.com/vi/uzDbUlbHX-w/default.jpg
The Treble Spankers - Estrella,tFRO7asvYKA,5335,https://i.ytimg.com/vi/tFRO7asvYKA/default.jpg
The Treble Spankers - Boom Agency,aUsTd1JE39E,2480,https://i.ytimg.com/vi/aUsTd1JE39E/default.jpg
Massari ft. Loon - Smile For Me [Official Video],-aN2lup99tA,21068701,https://i.ytimg.com/vi/-aN2lup99tA/default.jpg
Disney : Princess Jasmin - I've got my eyes on you,B5f0hCerSsU,3066565,https://i.ytimg.com/vi/B5f0hCerSsU/default.jpg
Kardinal Offishall - Dangerous ft. Akon (Official Music Video),Ro7yHf_pU14,289165350,https://i.ytimg.com/vi/Ro7yHf_pU14/default.jpg
Iman Shumpert and Daniella Karagach Halloween Contemporary (Week 6) | Dancing With The Stars,RnV0brUsuAA,392689,https://i.ytimg.com/vi/RnV0brUsuAA/default.jpg
Transformers and Jem - Commin' From Behind,UEaYXU27Lj8,21543,https://i.ytimg.com/vi/UEaYXU27Lj8/default.jpg
Destiny's Child - Survivor (Official Video),Wmc8bQoL-J0,188248046,https://i.ytimg.com/vi/Wmc8bQoL-J0/default.jpg
In Essence - Change,oZgT4aT_NpI,5692,https://i.ytimg.com/vi/oZgT4aT_NpI/default.jpg
Eric Ben√©t -  Love Don't Love Me (Official Music Video),BMD9E0ikYBw,522859,https://i.ytimg.com/vi/BMD9E0ikYBw/default.jpg
Lana Del Rey - Unchained Melody (Audio Version),Y6wYYyMhKIM,16120,https://i.ytimg.com/vi/Y6wYYyMhKIM/default.jpg
Lana Del Rey - Candy Necklace (Live),fpvSeja6NXU,723,https://i.ytimg.com/vi/fpvSeja6NXU/default.jpg
